Material_ID,Unit_Price,Stock_Levels,Lead_Time,Reorder_Point,Safety_Stock,Arrival Date,Ordering_Costs,Holding_Costs,Seasonality,Historical_Sales_Data,Supplier_ID
M062,122.31,968.0,8.0,178.0,73.0,2023-10-30,1260.0,3040.0,Low,7751.0,SUPPLIER_10
M249,357.78,747.0,10.0,192.0,41.0,2023-09-10,900.0,4760.0,High,5571.0,SUPPLIER_18
M131,275.31,948.0,14.0,43.0,37.0,2023-10-22,1550.0,1700.0,Medium,2920.0,SUPPLIER_31
M132,470.11,493.0,13.0,174.0,75.0,2023-09-30,1750.0,2660.0,High,3243.0,SUPPLIER_18
M120,63.05,310.0,13.0,26.0,69.0,2023-10-27,1610.0,1740.0,Low,1684.0,SUPPLIER_8
M095,237.8,22.0,7.0,102.0,57.0,2023-10-20,1600.0,3440.0,High,1473.0,SUPPLIER_26
M680,138.82,53.0,15.0,126.0,43.0,2023-10-20,1660.0,3430.0,High,4024.0,SUPPLIER_16
M343,188.76,444.0,14.0,21.0,55.0,2023-09-04,850.0,3580.0,High,3750.0,SUPPLIER_79
M275,289.06,565.0,4.0,165.0,53.0,2023-10-14,1790.0,4440.0,Low,7355.0,SUPPLIER_20
M599,275.31,816.0,3.0,66.0,36.0,2023-10-03,1620.0,3590.0,High,4801.0,SUPPLIER_66
M496,275.31,392.0,14.0,175.0,59.0,2023-10-03,2000.0,1440.0,Medium,6198.0,SUPPLIER_40
M350,454.48,226.0,8.0,116.0,100.0,2023-10-02,360.0,1910.0,Medium,2723.0,SUPPLIER_83
M259,156.32,148.0,5.0,52.0,12.0,2023-09-25,1860.0,4580.0,High,8369.0,SUPPLIER_63
M757,275.31,724.0,9.0,64.0,8.0,2023-09-30,1130.0,1880.0,Low,6182.0,SUPPLIER_25
M235,275.31,56.0,6.0,134.0,89.0,2023-09-30,430.0,3250.0,Low,8836.0,SUPPLIER_81
M248,246.04,633.0,7.0,128.0,98.0,2023-09-14,1020.0,2860.0,Medium,9725.0,SUPPLIER_21
M966,275.31,347.0,14.0,95.0,75.0,2023-09-14,1030.0,3560.0,Low,2147.0,SUPPLIER_1
M348,338.63,422.0,4.0,49.0,47.0,2023-09-07,1500.0,2070.0,Medium,7722.0,SUPPLIER_22
M155,440.98,457.0,15.0,66.0,70.0,2023-09-08,430.0,4170.0,Low,1860.0,SUPPLIER_75
M187,265.6,833.0,8.0,121.0,57.0,2023-10-23,1510.0,3470.0,Low,7271.0,SUPPLIER_13
M158,465.97,640.0,11.0,141.0,60.0,2023-09-08,810.0,3340.0,Low,9909.0,SUPPLIER_33
M111,347.45,57.0,10.0,131.0,57.0,2023-09-08,1610.0,750.0,High,7202.0,SUPPLIER_61
M181,499.49,776.0,8.0,33.0,73.0,2023-10-17,840.0,4840.0,Medium,6861.0,SUPPLIER_44
M495,184.28,605.0,12.0,64.0,19.0,2023-10-11,1500.0,4670.0,Medium,9938.0,SUPPLIER_31
M041,327.66,663.0,14.0,23.0,41.0,2023-10-08,1890.0,1940.0,Medium,1409.0,SUPPLIER_21
M163,350.39,720.0,13.0,25.0,95.0,2023-09-03,1020.0,1970.0,High,6579.0,SUPPLIER_9
M288,315.1,799.0,11.0,168.0,42.0,2023-10-17,390.0,2820.0,Low,1522.0,SUPPLIER_6
M166,186.26,271.0,14.0,66.0,72.0,2023-10-24,1210.0,4720.0,Low,3737.0,SUPPLIER_65
M020,438.31,422.0,8.0,28.0,89.0,2023-10-08,1290.0,4000.0,High,5629.0,SUPPLIER_47
M188,153.31,572.0,12.0,189.0,82.0,2023-10-18,200.0,870.0,Low,3450.0,SUPPLIER_69
M007,222.99,499.0,13.0,137.0,57.0,2023-09-16,1250.0,2770.0,Low,5761.0,SUPPLIER_60
M332,147.64,318.0,14.0,69.0,54.0,2023-09-14,1040.0,2720.0,Medium,8988.0,SUPPLIER_44
M462,359.15,135.0,13.0,59.0,8.0,2023-10-22,1550.0,1210.0,Medium,5446.0,SUPPLIER_36
M144,436.68,111.0,9.0,145.0,65.0,2023-10-23,900.0,4940.0,Low,8172.0,SUPPLIER_55
M131,145.03,153.0,3.0,127.0,93.0,2023-09-21,930.0,1250.0,Low,4046.0,SUPPLIER_66
M415,252.55,612.0,3.0,185.0,93.0,2023-09-16,310.0,2170.0,Low,2230.0,SUPPLIER_38
M021,464.98,244.0,15.0,24.0,15.0,2023-10-01,1240.0,4600.0,Low,1236.0,SUPPLIER_19
M250,426.79,157.0,7.0,193.0,41.0,2023-10-08,700.0,2480.0,Low,8854.0,SUPPLIER_33
M308,309.13,782.0,4.0,161.0,8.0,2023-09-02,1840.0,2570.0,High,5071.0,SUPPLIER_58
M151,125.9,836.0,6.0,53.0,93.0,2023-10-16,490.0,4430.0,Low,3982.0,SUPPLIER_16
M145,126.07,599.0,13.0,126.0,24.0,2023-09-20,670.0,1920.0,High,8164.0,SUPPLIER_44
M182,486.99,807.0,7.0,184.0,47.0,2023-10-16,630.0,4560.0,Medium,8510.0,SUPPLIER_28
M248,350.91,390.0,3.0,63.0,55.0,2023-09-30,1150.0,2520.0,Low,1392.0,SUPPLIER_1
M380,246.57,429.0,6.0,25.0,33.0,2023-09-30,760.0,3950.0,High,6298.0,SUPPLIER_11
M328,454.14,217.0,9.0,180.0,51.0,2023-09-02,770.0,3950.0,Low,3654.0,SUPPLIER_77
M317,439.65,877.0,8.0,198.0,78.0,2023-10-30,550.0,4830.0,Low,2135.0,SUPPLIER_12
M310,460.01,434.0,3.0,171.0,96.0,2023-09-07,910.0,2260.0,Low,8101.0,SUPPLIER_68
M278,175.9,985.0,3.0,47.0,21.0,2023-09-10,1730.0,4080.0,High,9133.0,SUPPLIER_19
M842,372.34,85.0,4.0,157.0,99.0,2023-09-10,1920.0,4850.0,Medium,3038.0,SUPPLIER_26
M429,466.94,968.0,4.0,163.0,66.0,2023-10-02,1240.0,2800.0,Medium,1677.0,SUPPLIER_41
M397,175.92,931.0,14.0,184.0,36.0,2023-09-02,330.0,2070.0,Medium,1424.0,SUPPLIER_31
M211,488.84,899.0,15.0,67.0,92.0,2023-09-04,1770.0,3890.0,Low,9935.0,SUPPLIER_9
M176,240.64,845.0,9.0,178.0,62.0,2023-09-08,680.0,2650.0,Medium,9768.0,SUPPLIER_37
M466,362.25,77.0,7.0,44.0,40.0,2023-10-27,1050.0,2970.0,Low,3681.0,SUPPLIER_49
M060,147.47,995.0,8.0,81.0,77.0,2023-09-19,860.0,2510.0,Medium,5995.0,SUPPLIER_74
M499,304.76,399.0,7.0,113.0,40.0,2023-09-14,730.0,500.0,High,3704.0,SUPPLIER_82
M252,275.31,770.0,14.0,64.0,12.0,2023-09-14,530.0,2040.0,High,5482.0,SUPPLIER_31
M212,145.68,628.0,6.0,33.0,97.0,2023-10-25,420.0,3850.0,High,5503.0,SUPPLIER_51
M382,359.49,613.0,5.0,118.0,62.0,2023-10-03,1770.0,1540.0,High,8181.0,SUPPLIER_79
M030,306.93,305.0,4.0,137.0,16.0,2023-09-05,220.0,710.0,Medium,1693.0,SUPPLIER_21
M244,56.16,368.0,9.0,193.0,23.0,2023-09-26,1540.0,2780.0,Medium,7843.0,SUPPLIER_54
M205,242.37,691.0,15.0,153.0,38.0,2023-10-30,1270.0,2520.0,Medium,3859.0,SUPPLIER_28
M405,115.17,439.0,6.0,144.0,90.0,2023-10-08,1000.0,2130.0,High,5218.0,SUPPLIER_15
M233,417.86,344.0,3.0,70.0,83.0,2023-10-14,980.0,4210.0,Low,1439.0,SUPPLIER_41
M405,265.81,833.0,7.0,110.0,55.0,2023-09-16,230.0,3540.0,Low,8315.0,SUPPLIER_37
M090,367.98,272.0,3.0,26.0,65.0,2023-10-22,1610.0,4260.0,Medium,9388.0,SUPPLIER_66
M381,213.46,492.0,11.0,122.0,94.0,2023-10-18,970.0,3140.0,Low,5672.0,SUPPLIER_32
M308,80.62,171.0,10.0,40.0,74.0,2023-09-27,920.0,4800.0,Medium,4283.0,SUPPLIER_27
M505,487.0,166.0,7.0,151.0,96.0,2023-09-27,810.0,4980.0,Medium,8243.0,SUPPLIER_70
M497,129.82,476.0,13.0,177.0,67.0,2023-09-03,1310.0,3890.0,Low,6667.0,SUPPLIER_77
M012,129.66,110.0,14.0,84.0,5.0,2023-10-01,290.0,3440.0,High,4884.0,SUPPLIER_6
M175,176.17,279.0,6.0,41.0,65.0,2023-10-30,1660.0,4040.0,High,7655.0,SUPPLIER_62
M041,352.34,589.0,11.0,152.0,97.0,2023-09-27,1790.0,2960.0,Medium,8220.0,SUPPLIER_25
M448,243.17,879.0,7.0,13.0,33.0,2023-10-07,870.0,980.0,Low,6736.0,SUPPLIER_51
M135,284.97,408.0,7.0,139.0,14.0,2023-09-19,600.0,1970.0,Medium,4705.0,SUPPLIER_31
M361,427.29,799.0,4.0,196.0,33.0,2023-09-13,1010.0,2530.0,Medium,9731.0,SUPPLIER_35
M449,287.9,380.0,6.0,136.0,87.0,2023-09-13,470.0,1850.0,Medium,5499.0,SUPPLIER_73
M409,391.0,75.0,4.0,101.0,54.0,2023-09-13,1900.0,1540.0,Medium,5705.0,SUPPLIER_61
M562,244.0,935.0,5.0,60.0,31.0,2023-09-13,360.0,2540.0,Medium,2882.0,SUPPLIER_22
M756,276.62,272.0,7.0,185.0,95.0,2023-09-13,1720.0,2210.0,Low,6807.0,SUPPLIER_9
M186,497.05,305.0,7.0,33.0,69.0,2023-10-08,900.0,1780.0,High,6624.0,SUPPLIER_2
M253,121.93,991.0,14.0,191.0,29.0,2023-09-18,1690.0,3890.0,Low,4010.0,SUPPLIER_6
M298,170.62,693.0,6.0,141.0,62.0,2023-10-20,760.0,4290.0,Medium,7232.0,SUPPLIER_5
M078,227.61,199.0,14.0,44.0,93.0,2023-09-17,1100.0,4060.0,Low,8642.0,SUPPLIER_22
M254,342.0,230.0,14.0,60.0,60.0,2023-09-17,1430.0,2980.0,Medium,3094.0,SUPPLIER_52
M077,469.95,170.0,9.0,98.0,17.0,2023-10-30,1260.0,4690.0,High,1708.0,SUPPLIER_74
M199,376.27,30.0,9.0,64.0,9.0,2023-10-30,330.0,3180.0,High,4150.0,SUPPLIER_63
M179,419.84,648.0,9.0,43.0,58.0,2023-09-22,410.0,4130.0,Medium,4958.0,SUPPLIER_24
M350,380.36,796.0,5.0,96.0,69.0,2023-10-10,1390.0,4970.0,Medium,7338.0,SUPPLIER_15
M262,275.31,903.0,4.0,131.0,91.0,2023-10-03,350.0,970.0,Medium,7018.0,SUPPLIER_39
M235,384.68,987.0,15.0,170.0,7.0,2023-10-31,310.0,1990.0,Low,9821.0,SUPPLIER_7
M461,114.32,933.0,3.0,136.0,26.0,2023-10-31,1800.0,710.0,Low,4250.0,SUPPLIER_55
M470,221.55,23.0,12.0,98.0,90.0,2023-09-26,1560.0,3230.0,Low,9960.0,SUPPLIER_62
M198,164.0,896.0,8.0,110.0,14.0,2023-09-22,1570.0,2410.0,Low,5115.0,SUPPLIER_65
M388,493.9,611.0,7.0,39.0,69.0,2023-09-13,560.0,3970.0,Medium,4837.0,SUPPLIER_30
M101,158.24,172.0,4.0,132.0,39.0,2023-10-27,1700.0,1030.0,Low,6193.0,SUPPLIER_52
M493,421.39,85.0,3.0,103.0,49.0,2023-10-25,920.0,2650.0,Medium,7503.0,SUPPLIER_45
M257,223.0,121.0,5.0,197.0,86.0,2023-09-03,1240.0,510.0,Low,5918.0,SUPPLIER_4
M009,361.34,452.0,15.0,191.0,99.0,2023-10-20,1590.0,2690.0,Medium,6517.0,SUPPLIER_16
M418,389.95,672.0,6.0,190.0,15.0,2023-10-19,1450.0,4910.0,High,3416.0,SUPPLIER_20
M823,498.94,319.0,12.0,31.0,73.0,2023-10-19,500.0,1560.0,Medium,7503.0,SUPPLIER_18
M153,97.01,576.0,14.0,199.0,39.0,2023-10-26,1430.0,1510.0,Medium,6999.0,SUPPLIER_59
M737,275.31,331.0,5.0,105.0,35.0,2023-10-26,770.0,800.0,High,9748.0,SUPPLIER_79
M248,275.31,359.0,13.0,40.0,55.0,2023-10-26,940.0,1210.0,Medium,4541.0,SUPPLIER_71
M073,201.19,1000.0,4.0,75.0,73.0,2023-09-29,360.0,4220.0,Low,3001.0,SUPPLIER_63
M332,164.33,741.0,8.0,89.0,94.0,2023-09-24,870.0,940.0,High,4727.0,SUPPLIER_51
M820,486.0,512.0,9.0,86.0,15.0,2023-09-24,840.0,2480.0,High,6526.0,SUPPLIER_32
M250,248.08,183.0,12.0,141.0,50.0,2023-10-05,1140.0,2740.0,Medium,1957.0,SUPPLIER_6
M298,413.79,436.0,6.0,192.0,5.0,2023-10-15,880.0,4960.0,Medium,2033.0,SUPPLIER_47
M397,287.06,246.0,7.0,176.0,7.0,2023-10-23,1120.0,1960.0,Low,6042.0,SUPPLIER_51
M546,275.31,323.0,3.0,173.0,10.0,2023-10-23,810.0,3420.0,High,2406.0,SUPPLIER_64
M131,145.55,657.0,11.0,178.0,75.0,2023-09-28,690.0,1510.0,High,3329.0,SUPPLIER_9
M313,223.22,103.0,3.0,153.0,54.0,2023-09-05,1340.0,1640.0,Medium,5447.0,SUPPLIER_68
M334,275.31,120.0,4.0,120.0,20.0,2023-10-26,1020.0,3760.0,High,5871.0,SUPPLIER_49
M381,282.85,548.0,9.0,150.0,97.0,2023-10-17,920.0,4620.0,Medium,8730.0,SUPPLIER_80
M274,421.58,762.0,13.0,165.0,63.0,2023-09-04,810.0,1640.0,Medium,1240.0,SUPPLIER_15
M374,459.53,270.0,9.0,12.0,29.0,2023-10-13,1600.0,1780.0,Low,6183.0,SUPPLIER_18
M119,66.0,510.0,9.0,150.0,34.0,2023-10-13,570.0,1860.0,Low,9090.0,SUPPLIER_56
M087,99.32,217.0,6.0,68.0,96.0,2023-09-04,1540.0,2810.0,High,4332.0,SUPPLIER_42
M552,275.31,695.0,13.0,137.0,79.0,2023-09-04,1270.0,2980.0,Medium,7706.0,SUPPLIER_35
M180,119.04,669.0,5.0,100.0,12.0,2023-09-03,1860.0,730.0,Medium,8114.0,SUPPLIER_60
M128,487.9,256.0,3.0,11.0,41.0,2023-09-30,1680.0,4390.0,High,7841.0,SUPPLIER_49
M055,467.14,761.0,6.0,84.0,57.0,2023-10-01,710.0,2780.0,Medium,9398.0,SUPPLIER_20
M004,451.21,983.0,7.0,74.0,8.0,2023-10-08,1380.0,2570.0,Low,1264.0,SUPPLIER_15
M158,74.71,381.0,10.0,84.0,6.0,2023-10-29,1930.0,1830.0,High,5861.0,SUPPLIER_65
M217,450.93,439.0,14.0,179.0,37.0,2023-10-19,620.0,1640.0,High,2881.0,SUPPLIER_10
M075,476.36,687.0,4.0,41.0,25.0,2023-10-18,420.0,800.0,High,4884.0,SUPPLIER_27
M418,301.59,359.0,5.0,154.0,59.0,2023-09-21,1790.0,4450.0,High,2476.0,SUPPLIER_31
M061,275.31,965.0,12.0,62.0,22.0,2023-09-21,620.0,1200.0,High,2472.0,SUPPLIER_82
M246,459.97,888.0,10.0,88.0,41.0,2023-09-29,920.0,3750.0,Low,7212.0,SUPPLIER_42
M295,462.32,709.0,12.0,148.0,63.0,2023-09-18,290.0,3340.0,Medium,8171.0,SUPPLIER_40
M402,286.53,927.0,11.0,74.0,19.0,2023-09-10,1230.0,2720.0,Medium,9071.0,SUPPLIER_3
M086,498.83,91.0,11.0,155.0,81.0,2023-09-03,1670.0,2390.0,Low,8327.0,SUPPLIER_17
M163,440.4,776.0,7.0,168.0,14.0,2023-10-12,1960.0,1710.0,High,2634.0,SUPPLIER_32
M666,275.31,209.0,5.0,104.0,96.0,2023-09-08,1680.0,2290.0,Medium,5346.0,SUPPLIER_33
M195,287.19,215.0,8.0,148.0,100.0,2023-10-22,1790.0,2830.0,High,5451.0,SUPPLIER_64
M375,416.92,443.0,6.0,129.0,10.0,2023-09-24,270.0,3270.0,Low,6088.0,SUPPLIER_2
M491,95.56,166.0,10.0,132.0,29.0,2023-09-16,1500.0,1250.0,High,7245.0,SUPPLIER_33
M001,288.42,897.0,8.0,46.0,43.0,2023-10-06,1760.0,3490.0,Medium,2370.0,SUPPLIER_12
M120,109.31,26.0,13.0,119.0,32.0,2023-09-06,940.0,1900.0,Medium,6052.0,SUPPLIER_61
M180,108.77,672.0,4.0,105.0,79.0,2023-10-29,1200.0,4270.0,Low,2309.0,SUPPLIER_20
M378,76.56,340.0,3.0,181.0,21.0,2023-09-13,530.0,2590.0,High,1679.0,SUPPLIER_79
M239,99.36,127.0,7.0,186.0,31.0,2023-09-26,580.0,3620.0,Low,5310.0,SUPPLIER_41
M758,275.31,564.0,9.0,63.0,47.0,2023-09-08,570.0,4580.0,Medium,3438.0,SUPPLIER_47
M853,275.31,463.0,11.0,136.0,47.0,2023-09-08,680.0,730.0,High,7848.0,SUPPLIER_67
M952,275.31,727.0,12.0,37.0,70.0,2023-09-08,1340.0,4110.0,Low,3492.0,SUPPLIER_76
M376,380.04,298.0,10.0,110.0,31.0,2023-09-24,960.0,900.0,High,9043.0,SUPPLIER_12
M480,122.92,430.0,4.0,31.0,39.0,2023-09-18,400.0,4500.0,High,4379.0,SUPPLIER_73
M436,305.0,211.0,7.0,172.0,48.0,2023-09-18,1790.0,3240.0,Medium,3306.0,SUPPLIER_54
M391,409.64,836.0,9.0,109.0,85.0,2023-09-08,790.0,3250.0,High,3517.0,SUPPLIER_52
M377,497.61,962.0,3.0,164.0,87.0,2023-09-13,1260.0,2210.0,High,3450.0,SUPPLIER_27
M384,239.67,41.0,3.0,173.0,51.0,2023-10-12,1330.0,1260.0,Medium,3958.0,SUPPLIER_24
M803,275.31,595.0,3.0,83.0,50.0,2023-10-12,330.0,1820.0,Medium,3144.0,SUPPLIER_10
M384,179.63,421.0,14.0,86.0,64.0,2023-10-27,1090.0,3910.0,Medium,8479.0,SUPPLIER_3
M626,261.0,346.0,12.0,138.0,56.0,2023-10-27,600.0,2870.0,Medium,9926.0,SUPPLIER_75
M053,269.98,109.0,8.0,18.0,57.0,2023-10-31,290.0,3110.0,High,1355.0,SUPPLIER_3
M427,76.73,514.0,11.0,40.0,73.0,2023-10-18,1130.0,4130.0,Low,6938.0,SUPPLIER_71
M409,458.86,648.0,14.0,91.0,28.0,2023-10-04,1680.0,1490.0,Low,5610.0,SUPPLIER_82
M200,275.31,680.0,9.0,73.0,99.0,2023-10-04,540.0,1220.0,Low,7606.0,SUPPLIER_57
M608,275.31,448.0,14.0,59.0,79.0,2023-10-04,1960.0,1180.0,Medium,1856.0,SUPPLIER_12
M046,480.38,872.0,6.0,200.0,24.0,2023-09-11,1680.0,2130.0,Low,6543.0,SUPPLIER_28
M437,338.81,51.0,8.0,151.0,55.0,2023-09-04,1740.0,1680.0,Low,5015.0,SUPPLIER_7
M534,275.31,395.0,9.0,106.0,51.0,2023-09-04,1070.0,3780.0,Low,3475.0,SUPPLIER_18
M238,458.41,962.0,7.0,136.0,44.0,2023-09-04,580.0,3860.0,Medium,7890.0,SUPPLIER_51
M117,205.5,796.0,14.0,84.0,71.0,2023-10-09,1880.0,4570.0,Low,7713.0,SUPPLIER_42
M072,246.43,856.0,6.0,128.0,97.0,2023-10-31,430.0,4950.0,Medium,7150.0,SUPPLIER_67
M202,464.92,179.0,8.0,131.0,70.0,2023-10-12,550.0,1650.0,Medium,9720.0,SUPPLIER_72
M198,275.31,665.0,5.0,144.0,83.0,2023-09-26,1490.0,3680.0,Medium,3724.0,SUPPLIER_15
M108,443.32,784.0,4.0,79.0,33.0,2023-10-05,510.0,3530.0,High,1623.0,SUPPLIER_35
M486,376.0,787.0,9.0,54.0,64.0,2023-10-05,1760.0,2900.0,High,1988.0,SUPPLIER_21
M427,162.86,38.0,15.0,23.0,80.0,2023-09-22,510.0,4240.0,High,8085.0,SUPPLIER_51
M011,262.54,674.0,14.0,66.0,86.0,2023-09-12,1810.0,3610.0,High,6164.0,SUPPLIER_42
M076,275.31,963.0,10.0,144.0,59.0,2023-09-12,330.0,1490.0,High,6565.0,SUPPLIER_72
M088,289.08,374.0,14.0,38.0,97.0,2023-09-08,520.0,2030.0,High,2418.0,SUPPLIER_41
M299,400.28,597.0,5.0,153.0,85.0,2023-10-30,330.0,3150.0,Low,4648.0,SUPPLIER_9
M115,275.31,828.0,5.0,187.0,79.0,2023-10-30,250.0,3360.0,High,8439.0,SUPPLIER_23
M451,101.03,694.0,8.0,196.0,77.0,2023-10-06,2000.0,3300.0,Medium,1578.0,SUPPLIER_7
M347,275.31,829.0,9.0,194.0,10.0,2023-10-06,700.0,580.0,High,5677.0,SUPPLIER_54
M051,416.54,721.0,11.0,104.0,97.0,2023-10-17,1790.0,500.0,High,2528.0,SUPPLIER_30
M224,150.0,351.0,5.0,120.0,29.0,2023-10-17,800.0,1600.0,High,5361.0,SUPPLIER_38
M043,171.74,116.0,8.0,171.0,52.0,2023-10-28,1360.0,2730.0,Medium,3445.0,SUPPLIER_25
M657,275.31,78.0,14.0,12.0,8.0,2023-10-28,1570.0,2290.0,Medium,1948.0,SUPPLIER_41
M479,275.31,469.0,5.0,93.0,7.0,2023-10-28,1950.0,2060.0,High,7583.0,SUPPLIER_43
M576,275.31,347.0,6.0,118.0,77.0,2023-10-28,1260.0,3000.0,Medium,8536.0,SUPPLIER_2
M039,63.21,787.0,5.0,104.0,12.0,2023-10-29,490.0,2960.0,High,6035.0,SUPPLIER_36
M281,116.92,952.0,5.0,102.0,67.0,2023-09-10,1010.0,2020.0,High,5048.0,SUPPLIER_26
M056,285.74,752.0,10.0,178.0,69.0,2023-10-04,1070.0,3340.0,Low,6430.0,SUPPLIER_52
M163,465.0,289.0,10.0,173.0,46.0,2023-10-04,1660.0,3040.0,High,9061.0,SUPPLIER_38
M183,379.25,249.0,3.0,77.0,8.0,2023-10-12,820.0,4640.0,High,8926.0,SUPPLIER_34
M346,72.85,983.0,13.0,69.0,50.0,2023-10-31,220.0,4930.0,Medium,2741.0,SUPPLIER_2
M004,142.1,840.0,3.0,73.0,82.0,2023-10-03,1080.0,4650.0,High,1994.0,SUPPLIER_18
M410,435.08,401.0,8.0,20.0,47.0,2023-10-16,310.0,2560.0,High,7793.0,SUPPLIER_8
M216,275.31,279.0,9.0,36.0,35.0,2023-10-16,570.0,3370.0,High,7056.0,SUPPLIER_52
M210,443.55,913.0,9.0,108.0,73.0,2023-10-30,400.0,3760.0,Low,1330.0,SUPPLIER_47
M144,147.91,157.0,15.0,103.0,91.0,2023-09-30,970.0,4340.0,High,1376.0,SUPPLIER_54
M610,83.0,256.0,14.0,25.0,44.0,2023-09-30,1700.0,770.0,High,7291.0,SUPPLIER_45
M274,395.7,658.0,11.0,10.0,35.0,2023-10-19,1550.0,4370.0,Low,4266.0,SUPPLIER_5
M207,89.88,491.0,3.0,146.0,55.0,2023-09-12,1220.0,1950.0,Medium,7712.0,SUPPLIER_33
M427,208.09,859.0,4.0,144.0,46.0,2023-09-14,920.0,4980.0,Medium,3996.0,SUPPLIER_58
M162,162.46,444.0,14.0,176.0,7.0,2023-10-30,220.0,3020.0,Medium,7980.0,SUPPLIER_77
M102,158.69,446.0,9.0,53.0,78.0,2023-10-28,1480.0,4930.0,Medium,3975.0,SUPPLIER_9
M012,212.1,503.0,11.0,164.0,94.0,2023-10-28,940.0,900.0,High,1029.0,SUPPLIER_14
M402,493.87,252.0,13.0,91.0,51.0,2023-09-18,1510.0,4380.0,Low,1915.0,SUPPLIER_42
M434,84.16,251.0,12.0,199.0,100.0,2023-10-15,1040.0,2290.0,High,1865.0,SUPPLIER_27
M485,59.87,178.0,6.0,71.0,81.0,2023-09-18,1510.0,3040.0,High,3609.0,SUPPLIER_64
M279,126.07,165.0,12.0,178.0,30.0,2023-10-26,1790.0,1180.0,Low,2590.0,SUPPLIER_81
M447,429.05,715.0,9.0,86.0,70.0,2023-09-28,770.0,1910.0,Medium,5710.0,SUPPLIER_55
M495,181.91,261.0,6.0,148.0,58.0,2023-10-28,1230.0,4640.0,High,6382.0,SUPPLIER_68
M349,431.6,699.0,9.0,10.0,43.0,2023-09-22,310.0,3150.0,Medium,8151.0,SUPPLIER_22
M286,285.98,637.0,4.0,25.0,82.0,2023-09-26,310.0,4460.0,Low,8432.0,SUPPLIER_10
M012,275.31,858.0,6.0,40.0,81.0,2023-09-26,820.0,3990.0,Medium,4844.0,SUPPLIER_83
M827,444.0,562.0,11.0,171.0,17.0,2023-09-26,1370.0,4810.0,Medium,8766.0,SUPPLIER_33
M001,191.01,687.0,13.0,119.0,20.0,2023-10-31,1780.0,3100.0,Medium,1999.0,SUPPLIER_23
M058,66.56,848.0,15.0,116.0,13.0,2023-09-04,1550.0,2030.0,Medium,3389.0,SUPPLIER_8
M219,64.51,179.0,5.0,187.0,19.0,2023-10-02,1260.0,1810.0,High,7247.0,SUPPLIER_78
M264,217.6,309.0,7.0,79.0,80.0,2023-10-08,260.0,4850.0,Low,1291.0,SUPPLIER_16
M234,116.48,739.0,5.0,101.0,25.0,2023-09-07,1910.0,2970.0,High,7803.0,SUPPLIER_64
M268,176.31,242.0,4.0,33.0,64.0,2023-09-29,1000.0,3650.0,Low,4513.0,SUPPLIER_55
M460,134.39,678.0,9.0,25.0,25.0,2023-09-04,890.0,3960.0,Medium,8534.0,SUPPLIER_20
M306,16.0,25.0,3.0,147.0,26.0,2023-09-04,1070.0,3350.0,High,5491.0,SUPPLIER_53
M154,240.88,69.0,12.0,141.0,54.0,2023-09-15,1830.0,1850.0,High,6388.0,SUPPLIER_45
M192,262.37,121.0,14.0,116.0,16.0,2023-09-11,780.0,3700.0,Low,7022.0,SUPPLIER_49
M309,176.49,86.0,13.0,15.0,18.0,2023-09-28,820.0,4680.0,High,1560.0,SUPPLIER_32
M387,436.67,160.0,8.0,151.0,47.0,2023-10-08,1290.0,910.0,Medium,3696.0,SUPPLIER_21
M146,275.31,862.0,12.0,165.0,74.0,2023-10-08,810.0,2170.0,High,4372.0,SUPPLIER_17
M509,236.0,256.0,7.0,148.0,71.0,2023-10-08,1220.0,3110.0,High,1585.0,SUPPLIER_76
M247,405.4,908.0,4.0,164.0,100.0,2023-10-30,1250.0,3970.0,High,8115.0,SUPPLIER_15
M381,435.17,113.0,13.0,53.0,41.0,2023-09-12,1220.0,1620.0,High,2579.0,SUPPLIER_70
M996,275.31,599.0,3.0,81.0,85.0,2023-09-12,960.0,1750.0,Medium,6970.0,SUPPLIER_58
M268,426.77,49.0,4.0,85.0,35.0,2023-10-25,700.0,1250.0,Low,6371.0,SUPPLIER_36
M814,192.0,337.0,11.0,17.0,57.0,2023-10-25,1810.0,1590.0,High,2808.0,SUPPLIER_60
M011,291.17,734.0,8.0,57.0,17.0,2023-09-30,580.0,2980.0,Low,8508.0,SUPPLIER_69
M247,157.99,159.0,7.0,117.0,33.0,2023-09-26,1400.0,4820.0,High,9602.0,SUPPLIER_71
M745,55.79,427.0,9.0,54.0,18.0,2023-09-26,1840.0,4940.0,High,5453.0,SUPPLIER_39
M225,362.52,685.0,10.0,14.0,29.0,2023-10-17,1650.0,3950.0,High,6521.0,SUPPLIER_68
M197,321.92,339.0,13.0,14.0,66.0,2023-10-10,1670.0,4190.0,Low,2079.0,SUPPLIER_57
M234,218.55,720.0,10.0,118.0,18.0,2023-09-15,350.0,760.0,Low,6144.0,SUPPLIER_10
M273,153.51,227.0,13.0,141.0,74.0,2023-10-17,1830.0,1050.0,High,5508.0,SUPPLIER_52
M470,43.0,518.0,11.0,67.0,100.0,2023-10-04,1130.0,2760.0,High,8096.0,SUPPLIER_77
M394,363.02,574.0,9.0,72.0,66.0,2023-10-20,1490.0,4310.0,Low,3341.0,SUPPLIER_22
M404,241.23,878.0,13.0,153.0,16.0,2023-10-26,1600.0,3720.0,High,5535.0,SUPPLIER_17
M023,71.97,277.0,6.0,137.0,60.0,2023-10-06,1590.0,530.0,High,6450.0,SUPPLIER_83
M448,55.53,396.0,14.0,134.0,30.0,2023-10-06,1870.0,2350.0,Low,2906.0,SUPPLIER_9
M426,275.31,583.0,11.0,83.0,99.0,2023-10-10,1990.0,4890.0,High,4850.0,SUPPLIER_76
M045,107.42,264.0,15.0,175.0,76.0,2023-10-05,780.0,3450.0,Medium,6610.0,SUPPLIER_20
M344,416.28,686.0,11.0,169.0,18.0,2023-09-12,540.0,920.0,High,9465.0,SUPPLIER_9
M160,114.4,432.0,8.0,192.0,5.0,2023-10-26,1600.0,3290.0,Medium,6271.0,SUPPLIER_17
M389,414.05,851.0,10.0,21.0,56.0,2023-10-26,760.0,3420.0,High,9768.0,SUPPLIER_7
M110,214.44,960.0,12.0,47.0,100.0,2023-09-02,270.0,2920.0,High,9764.0,SUPPLIER_14
M259,59.0,711.0,14.0,40.0,11.0,2023-09-02,280.0,4310.0,High,4171.0,SUPPLIER_22
M011,107.33,384.0,3.0,46.0,8.0,2023-09-03,1730.0,4980.0,Low,1365.0,SUPPLIER_27
M295,284.81,392.0,9.0,180.0,62.0,2023-10-21,1660.0,1030.0,Low,9026.0,SUPPLIER_69
M512,46.0,888.0,12.0,56.0,78.0,2023-10-21,360.0,3600.0,Low,8142.0,SUPPLIER_70
M378,223.35,871.0,3.0,125.0,26.0,2023-09-17,1600.0,4130.0,Medium,8640.0,SUPPLIER_79
M150,351.74,267.0,7.0,109.0,41.0,2023-09-14,1910.0,3540.0,High,1221.0,SUPPLIER_13
M021,437.37,521.0,9.0,114.0,43.0,2023-10-15,530.0,3280.0,Low,1691.0,SUPPLIER_47
M347,230.39,186.0,14.0,178.0,62.0,2023-10-07,1670.0,2240.0,Low,7642.0,SUPPLIER_50
M023,225.23,759.0,3.0,124.0,20.0,2023-10-01,780.0,700.0,Medium,9095.0,SUPPLIER_1
M456,338.01,38.0,9.0,74.0,41.0,2023-10-13,1530.0,4840.0,Medium,5049.0,SUPPLIER_63
M028,145.57,624.0,9.0,173.0,58.0,2023-09-16,1270.0,3460.0,High,7396.0,SUPPLIER_6
M259,153.36,638.0,9.0,200.0,58.0,2023-09-24,340.0,2550.0,Medium,3725.0,SUPPLIER_17
M183,349.13,925.0,6.0,87.0,60.0,2023-09-07,760.0,850.0,Low,4969.0,SUPPLIER_48
M457,77.4,631.0,4.0,189.0,33.0,2023-10-17,640.0,780.0,Medium,4635.0,SUPPLIER_10
M400,217.0,648.0,15.0,97.0,31.0,2023-10-17,1350.0,1640.0,Medium,8356.0,SUPPLIER_54
M346,105.05,849.0,4.0,79.0,63.0,2023-10-29,990.0,4530.0,High,3186.0,SUPPLIER_71
M056,294.51,521.0,8.0,57.0,33.0,2023-10-02,1190.0,3410.0,Medium,6696.0,SUPPLIER_46
M494,70.12,861.0,6.0,113.0,85.0,2023-09-28,1640.0,2730.0,Medium,4072.0,SUPPLIER_64
M011,167.3,643.0,6.0,121.0,18.0,2023-10-03,1810.0,3580.0,High,4125.0,SUPPLIER_68
M423,282.0,126.0,9.0,37.0,66.0,2023-10-03,1910.0,4090.0,Low,1730.0,SUPPLIER_20
M127,75.79,762.0,5.0,188.0,53.0,2023-10-28,380.0,1990.0,Low,7057.0,SUPPLIER_78
M131,91.9,66.0,13.0,101.0,37.0,2023-10-05,780.0,3660.0,Medium,8016.0,SUPPLIER_12
M426,437.0,658.0,3.0,175.0,8.0,2023-10-14,1810.0,3680.0,Low,1895.0,SUPPLIER_32
M378,52.22,722.0,13.0,99.0,14.0,2023-10-02,1270.0,1990.0,Low,2021.0,SUPPLIER_29
M486,475.82,433.0,11.0,63.0,96.0,2023-09-09,330.0,1440.0,Low,2015.0,SUPPLIER_46
M609,275.31,277.0,5.0,120.0,60.0,2023-09-09,1980.0,2270.0,High,1012.0,SUPPLIER_26
M169,315.6,456.0,10.0,187.0,16.0,2023-10-26,1960.0,2250.0,High,4811.0,SUPPLIER_82
M217,50.96,724.0,8.0,120.0,78.0,2023-10-13,1690.0,2830.0,High,7551.0,SUPPLIER_32
M483,438.11,840.0,15.0,71.0,13.0,2023-09-14,1310.0,2000.0,High,3103.0,SUPPLIER_17
M004,275.31,167.0,14.0,43.0,23.0,2023-09-14,1660.0,2220.0,Low,3645.0,SUPPLIER_32
M132,211.24,35.0,7.0,166.0,80.0,2023-09-17,1180.0,2540.0,High,3510.0,SUPPLIER_69
M927,395.0,236.0,14.0,191.0,10.0,2023-10-13,740.0,2860.0,High,8331.0,SUPPLIER_61
M484,335.66,216.0,5.0,165.0,26.0,2023-10-30,760.0,1290.0,Low,4172.0,SUPPLIER_78
M055,356.23,76.0,10.0,115.0,31.0,2023-09-05,620.0,1710.0,High,7380.0,SUPPLIER_19
M174,309.3,800.0,3.0,118.0,30.0,2023-09-23,1750.0,4380.0,High,7879.0,SUPPLIER_77
M255,59.86,821.0,3.0,131.0,83.0,2023-10-22,1160.0,530.0,High,6034.0,SUPPLIER_33
M456,373.49,721.0,8.0,71.0,84.0,2023-09-20,1940.0,880.0,Low,7386.0,SUPPLIER_52
M051,349.85,450.0,4.0,144.0,49.0,2023-09-08,210.0,1340.0,Low,4182.0,SUPPLIER_66
M465,58.76,799.0,12.0,106.0,57.0,2023-10-23,2000.0,2060.0,Medium,1198.0,SUPPLIER_23
M308,297.31,183.0,4.0,181.0,69.0,2023-09-13,590.0,3110.0,High,7923.0,SUPPLIER_5
M323,93.06,123.0,5.0,73.0,17.0,2023-09-21,1880.0,4130.0,Low,9624.0,SUPPLIER_28
M040,480.05,962.0,4.0,59.0,41.0,2023-09-25,940.0,3740.0,High,5177.0,SUPPLIER_75
M314,58.65,456.0,4.0,177.0,56.0,2023-09-19,670.0,3730.0,High,8066.0,SUPPLIER_58
M392,467.53,521.0,13.0,53.0,11.0,2023-09-19,760.0,2090.0,High,7281.0,SUPPLIER_1
M309,490.0,989.0,10.0,70.0,52.0,2023-09-19,1820.0,2830.0,Medium,5630.0,SUPPLIER_8
M080,326.67,345.0,8.0,46.0,49.0,2023-09-02,1940.0,4310.0,High,3402.0,SUPPLIER_32
M175,321.71,630.0,13.0,185.0,81.0,2023-10-09,960.0,4140.0,High,3147.0,SUPPLIER_9
M053,320.96,239.0,7.0,165.0,12.0,2023-10-22,1310.0,1350.0,Low,5857.0,SUPPLIER_66
M198,159.04,526.0,8.0,104.0,91.0,2023-09-02,1940.0,3710.0,Medium,3426.0,SUPPLIER_50
M111,82.77,312.0,8.0,145.0,92.0,2023-10-12,670.0,2860.0,High,8013.0,SUPPLIER_41
M313,275.31,807.0,13.0,198.0,92.0,2023-10-12,1920.0,1600.0,Low,6429.0,SUPPLIER_53
M297,414.06,219.0,10.0,54.0,78.0,2023-09-25,1480.0,3920.0,High,2230.0,SUPPLIER_15
M507,275.31,416.0,12.0,11.0,71.0,2023-09-22,1260.0,2150.0,Medium,4387.0,SUPPLIER_26
M663,189.0,51.0,14.0,133.0,11.0,2023-10-10,530.0,2730.0,High,7397.0,SUPPLIER_77
M743,418.41,809.0,5.0,39.0,21.0,2023-10-10,1070.0,3530.0,Low,4442.0,SUPPLIER_74
M341,275.31,414.0,15.0,50.0,55.0,2023-10-10,530.0,4250.0,Medium,3924.0,SUPPLIER_5
M186,74.33,49.0,15.0,74.0,84.0,2023-09-27,1620.0,1740.0,High,4678.0,SUPPLIER_13
M007,370.49,794.0,3.0,67.0,66.0,2023-10-27,1170.0,2570.0,Medium,4857.0,SUPPLIER_38
M451,342.02,108.0,8.0,193.0,47.0,2023-10-28,870.0,3650.0,High,6947.0,SUPPLIER_42
M223,224.0,420.0,3.0,50.0,47.0,2023-10-28,370.0,2930.0,Medium,8235.0,SUPPLIER_67
M477,302.63,551.0,6.0,173.0,73.0,2023-10-28,210.0,550.0,Low,8770.0,SUPPLIER_73
M322,69.81,646.0,11.0,184.0,7.0,2023-10-08,680.0,1480.0,High,9002.0,SUPPLIER_44
M480,171.89,404.0,8.0,164.0,47.0,2023-10-08,270.0,4960.0,Low,4410.0,SUPPLIER_23
M005,275.31,738.0,6.0,19.0,97.0,2023-10-08,870.0,670.0,Medium,7378.0,SUPPLIER_63
M214,465.0,596.0,11.0,80.0,20.0,2023-10-08,470.0,2450.0,High,5507.0,SUPPLIER_60
M319,247.0,190.0,5.0,94.0,93.0,2023-10-08,2000.0,830.0,Low,9095.0,SUPPLIER_3
M994,275.31,279.0,10.0,187.0,7.0,2023-10-08,1860.0,4720.0,Low,6803.0,SUPPLIER_49
M026,127.47,772.0,4.0,98.0,88.0,2023-10-20,1350.0,4120.0,Low,3750.0,SUPPLIER_79
M523,275.31,282.0,10.0,151.0,66.0,2023-10-04,560.0,1130.0,Medium,2538.0,SUPPLIER_80
M343,425.19,949.0,12.0,54.0,73.0,2023-10-03,1370.0,4900.0,Low,4094.0,SUPPLIER_16
M327,90.28,441.0,15.0,182.0,97.0,2023-10-10,430.0,4470.0,Low,4262.0,SUPPLIER_9
M076,218.69,753.0,11.0,133.0,7.0,2023-09-15,1820.0,4910.0,Medium,6886.0,SUPPLIER_40
M887,291.13,982.0,4.0,153.0,29.0,2023-10-31,1800.0,2550.0,High,7092.0,SUPPLIER_58
M050,187.14,658.0,11.0,188.0,95.0,2023-09-22,260.0,3430.0,High,9887.0,SUPPLIER_17
M093,275.31,672.0,12.0,143.0,58.0,2023-10-06,1640.0,1680.0,Low,4259.0,SUPPLIER_55
M287,183.82,795.0,13.0,192.0,39.0,2023-10-22,1810.0,4920.0,Low,9720.0,SUPPLIER_13
M187,75.88,820.0,3.0,54.0,6.0,2023-09-11,670.0,3320.0,Medium,2560.0,SUPPLIER_8
M357,245.67,929.0,10.0,112.0,88.0,2023-09-27,200.0,1390.0,Low,3831.0,SUPPLIER_78
M325,62.58,417.0,10.0,75.0,79.0,2023-09-29,1500.0,690.0,Low,2614.0,SUPPLIER_49
M287,302.73,82.0,9.0,154.0,100.0,2023-09-02,940.0,1850.0,Low,9461.0,SUPPLIER_5
M114,282.0,190.0,14.0,148.0,17.0,2023-10-26,820.0,510.0,Medium,9874.0,SUPPLIER_32
M287,275.31,504.0,14.0,42.0,19.0,2023-10-26,950.0,1880.0,Medium,8240.0,SUPPLIER_68
M354,377.87,829.0,10.0,192.0,68.0,2023-10-02,1000.0,3460.0,Medium,1143.0,SUPPLIER_29
M051,286.26,148.0,14.0,51.0,91.0,2023-10-01,1800.0,1460.0,Medium,4776.0,SUPPLIER_55
M051,483.24,358.0,14.0,95.0,65.0,2023-09-08,1140.0,1510.0,High,1615.0,SUPPLIER_36
M230,50.62,575.0,14.0,184.0,36.0,2023-09-17,1940.0,1700.0,High,6095.0,SUPPLIER_6
M491,154.11,634.0,8.0,24.0,54.0,2023-09-16,220.0,1660.0,High,1166.0,SUPPLIER_38
M497,136.8,387.0,14.0,58.0,22.0,2023-09-24,1290.0,2870.0,Medium,4075.0,SUPPLIER_68
M232,135.55,310.0,13.0,133.0,81.0,2023-10-19,360.0,780.0,High,3710.0,SUPPLIER_53
M982,214.0,400.0,11.0,143.0,54.0,2023-10-19,1660.0,4410.0,High,7295.0,SUPPLIER_15
M138,275.31,199.0,14.0,88.0,86.0,2023-10-19,1020.0,4250.0,Medium,9733.0,SUPPLIER_58
M561,275.31,69.0,14.0,195.0,97.0,2023-10-29,1110.0,2360.0,Medium,3672.0,SUPPLIER_16
M119,84.33,202.0,13.0,194.0,58.0,2023-10-30,1240.0,4950.0,High,9644.0,SUPPLIER_16
M115,230.61,988.0,15.0,27.0,83.0,2023-10-24,1100.0,4010.0,High,2019.0,SUPPLIER_45
M075,309.54,249.0,7.0,197.0,51.0,2023-10-30,1300.0,3970.0,Medium,7831.0,SUPPLIER_8
M167,407.54,404.0,8.0,139.0,51.0,2023-10-05,1700.0,2330.0,Medium,6695.0,SUPPLIER_53
M279,326.9,712.0,10.0,144.0,90.0,2023-10-31,540.0,3930.0,High,3530.0,SUPPLIER_25
M257,246.75,236.0,4.0,175.0,27.0,2023-10-11,1340.0,4920.0,Medium,9446.0,SUPPLIER_76
M465,275.31,874.0,6.0,45.0,42.0,2023-10-19,1900.0,1760.0,Low,5968.0,SUPPLIER_42
M238,224.69,86.0,9.0,167.0,31.0,2023-09-15,1020.0,1790.0,Low,6114.0,SUPPLIER_70
M405,284.54,747.0,9.0,72.0,80.0,2023-10-16,850.0,2980.0,High,9405.0,SUPPLIER_70
M886,275.31,904.0,6.0,151.0,52.0,2023-10-16,400.0,690.0,Low,1249.0,SUPPLIER_10
M290,471.49,405.0,6.0,69.0,19.0,2023-10-06,1990.0,3300.0,High,5960.0,SUPPLIER_50
M448,108.78,511.0,6.0,108.0,19.0,2023-10-21,950.0,1140.0,Medium,2423.0,SUPPLIER_77
M859,240.0,550.0,11.0,170.0,35.0,2023-09-13,1940.0,1200.0,Low,9273.0,SUPPLIER_31
M462,291.22,905.0,14.0,73.0,97.0,2023-09-11,400.0,2390.0,High,3957.0,SUPPLIER_38
M579,275.31,869.0,4.0,124.0,55.0,2023-09-11,1900.0,4850.0,Low,4526.0,SUPPLIER_47
M392,391.39,979.0,11.0,129.0,85.0,2023-09-19,300.0,3210.0,Medium,6361.0,SUPPLIER_25
M273,431.22,334.0,7.0,178.0,65.0,2023-10-06,1890.0,3950.0,Low,4578.0,SUPPLIER_50
M395,70.03,170.0,10.0,102.0,34.0,2023-10-12,240.0,2420.0,Low,2212.0,SUPPLIER_15
M064,311.59,739.0,8.0,97.0,17.0,2023-10-22,1970.0,2480.0,Medium,7611.0,SUPPLIER_56
M132,279.68,610.0,4.0,191.0,95.0,2023-09-17,1980.0,2070.0,High,5164.0,SUPPLIER_28
M406,291.39,206.0,15.0,63.0,84.0,2023-09-23,1170.0,3110.0,High,5569.0,SUPPLIER_46
M149,275.31,971.0,15.0,18.0,89.0,2023-09-23,730.0,1440.0,Medium,8510.0,SUPPLIER_64
M023,188.16,915.0,4.0,35.0,57.0,2023-10-09,570.0,3740.0,Medium,3581.0,SUPPLIER_74
M500,341.13,180.0,10.0,57.0,96.0,2023-09-07,410.0,1590.0,Low,4827.0,SUPPLIER_27
M399,182.2,173.0,6.0,46.0,87.0,2023-10-07,1190.0,3880.0,High,3417.0,SUPPLIER_72
M209,230.66,396.0,10.0,127.0,59.0,2023-10-25,1480.0,4060.0,Low,9699.0,SUPPLIER_70
M317,118.64,869.0,15.0,179.0,48.0,2023-09-05,1200.0,3850.0,Medium,2127.0,SUPPLIER_44
M094,275.31,193.0,14.0,62.0,85.0,2023-09-05,630.0,2340.0,Medium,5758.0,SUPPLIER_66
M225,61.0,239.0,5.0,129.0,59.0,2023-09-05,1430.0,4880.0,High,6176.0,SUPPLIER_72
M428,453.16,622.0,6.0,64.0,93.0,2023-10-30,900.0,1340.0,High,8321.0,SUPPLIER_31
M380,193.78,529.0,5.0,60.0,75.0,2023-09-20,1550.0,980.0,Low,1833.0,SUPPLIER_1
M382,89.0,52.0,6.0,180.0,56.0,2023-09-20,1370.0,2150.0,High,1672.0,SUPPLIER_69
M056,380.19,364.0,4.0,28.0,55.0,2023-10-13,1350.0,2730.0,Low,9051.0,SUPPLIER_32
M381,466.98,870.0,3.0,147.0,60.0,2023-09-23,750.0,2070.0,High,2550.0,SUPPLIER_64
M228,364.54,967.0,9.0,63.0,85.0,2023-10-31,1310.0,3340.0,Medium,1068.0,SUPPLIER_15
M782,195.47,336.0,13.0,55.0,86.0,2023-10-31,1360.0,4100.0,Medium,9834.0,SUPPLIER_22
M296,108.28,279.0,11.0,175.0,44.0,2023-09-17,610.0,3690.0,Low,6881.0,SUPPLIER_21
M178,133.65,50.0,10.0,73.0,21.0,2023-10-20,770.0,1360.0,High,5310.0,SUPPLIER_32
M462,67.37,235.0,13.0,31.0,69.0,2023-10-24,500.0,1460.0,Low,6859.0,SUPPLIER_24
M287,189.06,436.0,14.0,46.0,53.0,2023-10-25,420.0,1180.0,High,3388.0,SUPPLIER_6
M207,375.85,431.0,15.0,129.0,16.0,2023-09-17,1950.0,4800.0,High,4182.0,SUPPLIER_21
M051,274.23,815.0,4.0,33.0,94.0,2023-10-21,950.0,820.0,Low,9407.0,SUPPLIER_47
M301,275.31,373.0,11.0,169.0,51.0,2023-10-21,260.0,4000.0,Medium,6280.0,SUPPLIER_56
M374,275.31,187.0,14.0,35.0,28.0,2023-10-21,960.0,3770.0,Low,2545.0,SUPPLIER_60
M536,275.31,550.0,13.0,177.0,84.0,2023-10-21,1660.0,4730.0,Low,7026.0,SUPPLIER_40
M007,338.39,589.0,6.0,154.0,66.0,2023-10-03,680.0,2300.0,High,7914.0,SUPPLIER_55
M359,330.54,353.0,9.0,114.0,54.0,2023-10-07,970.0,3680.0,Low,2159.0,SUPPLIER_78
M490,208.26,104.0,6.0,85.0,48.0,2023-10-27,860.0,2340.0,Medium,7234.0,SUPPLIER_29
M323,67.53,1000.0,7.0,114.0,16.0,2023-09-30,490.0,2460.0,Low,8003.0,SUPPLIER_39
M654,275.31,949.0,6.0,48.0,96.0,2023-10-02,1860.0,850.0,Low,1670.0,SUPPLIER_15
M216,178.17,579.0,11.0,169.0,42.0,2023-10-29,1010.0,2410.0,High,8508.0,SUPPLIER_9
M488,194.84,789.0,7.0,102.0,88.0,2023-09-08,1970.0,3930.0,Medium,1238.0,SUPPLIER_68
M074,186.09,692.0,13.0,30.0,85.0,2023-10-08,1430.0,2810.0,Low,6464.0,SUPPLIER_46
M324,370.93,726.0,4.0,166.0,86.0,2023-10-04,840.0,3310.0,Medium,5264.0,SUPPLIER_68
M223,156.99,932.0,14.0,59.0,90.0,2023-09-25,660.0,3150.0,High,6131.0,SUPPLIER_66
M285,275.31,438.0,6.0,186.0,46.0,2023-09-25,1770.0,2480.0,High,5829.0,SUPPLIER_76
M074,166.27,148.0,6.0,68.0,47.0,2023-09-28,900.0,2600.0,Low,8035.0,SUPPLIER_58
M250,275.31,459.0,7.0,106.0,33.0,2023-09-28,1410.0,1270.0,High,5193.0,SUPPLIER_14
M102,142.12,344.0,4.0,104.0,8.0,2023-09-28,1160.0,2380.0,Medium,9116.0,SUPPLIER_66
M965,275.31,260.0,11.0,117.0,61.0,2023-09-16,1450.0,2510.0,Medium,9348.0,SUPPLIER_74
M350,378.38,232.0,11.0,177.0,70.0,2023-09-14,200.0,3380.0,High,2914.0,SUPPLIER_40
M227,295.72,63.0,8.0,143.0,43.0,2023-10-10,1310.0,2780.0,High,7678.0,SUPPLIER_10
M166,78.6,874.0,14.0,32.0,44.0,2023-10-10,1060.0,1040.0,Low,3111.0,SUPPLIER_18
M314,335.13,660.0,12.0,72.0,42.0,2023-09-25,590.0,4780.0,Low,6754.0,SUPPLIER_14
M138,393.65,33.0,15.0,121.0,9.0,2023-09-25,990.0,2930.0,Low,1714.0,SUPPLIER_47
M191,265.68,388.0,13.0,56.0,75.0,2023-09-10,1510.0,880.0,Medium,7374.0,SUPPLIER_83
M252,275.31,675.0,7.0,122.0,93.0,2023-09-10,1480.0,4680.0,Low,1493.0,SUPPLIER_16
M227,72.4,928.0,3.0,30.0,19.0,2023-09-30,1710.0,1510.0,Low,2991.0,SUPPLIER_66
M386,280.0,448.0,3.0,96.0,79.0,2023-09-30,1220.0,900.0,Medium,6692.0,SUPPLIER_83
M258,269.0,282.0,13.0,102.0,45.0,2023-09-30,1600.0,3260.0,Low,7847.0,SUPPLIER_45
M183,70.49,921.0,9.0,85.0,10.0,2023-09-13,420.0,2490.0,High,9206.0,SUPPLIER_37
M306,433.49,379.0,13.0,155.0,84.0,2023-10-08,1980.0,3710.0,Low,8171.0,SUPPLIER_39
M218,302.98,625.0,10.0,81.0,89.0,2023-10-16,830.0,4080.0,High,8793.0,SUPPLIER_70
M525,418.95,181.0,9.0,173.0,39.0,2023-10-16,290.0,4870.0,Low,8682.0,SUPPLIER_16
M686,448.0,379.0,13.0,63.0,63.0,2023-10-31,620.0,660.0,Medium,2956.0,SUPPLIER_17
M278,488.04,902.0,14.0,39.0,60.0,2023-10-10,1360.0,3850.0,Medium,7184.0,SUPPLIER_73
M675,449.21,960.0,6.0,113.0,61.0,2023-10-10,540.0,970.0,Low,1211.0,SUPPLIER_76
M416,281.42,280.0,15.0,109.0,21.0,2023-10-10,1570.0,4910.0,Medium,9681.0,SUPPLIER_50
M151,26.0,984.0,4.0,153.0,96.0,2023-10-10,330.0,1160.0,Medium,9150.0,SUPPLIER_71
M246,275.31,133.0,15.0,74.0,30.0,2023-10-10,1330.0,4670.0,High,1760.0,SUPPLIER_63
M096,130.01,975.0,5.0,187.0,27.0,2023-10-04,980.0,3570.0,High,8509.0,SUPPLIER_2
M145,275.31,443.0,10.0,155.0,56.0,2023-10-04,340.0,2520.0,Medium,9236.0,SUPPLIER_79
M343,156.0,187.0,7.0,139.0,37.0,2023-10-04,1120.0,1610.0,Medium,3810.0,SUPPLIER_74
M595,275.31,856.0,11.0,158.0,45.0,2023-10-04,1150.0,2060.0,Low,8252.0,SUPPLIER_61
M356,185.23,283.0,5.0,176.0,19.0,2023-09-10,1100.0,3680.0,Low,7665.0,SUPPLIER_73
M171,448.94,64.0,6.0,153.0,63.0,2023-09-19,1720.0,2500.0,Low,8665.0,SUPPLIER_79
M456,275.31,615.0,13.0,21.0,41.0,2023-09-19,590.0,3960.0,High,5522.0,SUPPLIER_31
M959,68.0,737.0,10.0,63.0,17.0,2023-09-19,480.0,2300.0,Low,4689.0,SUPPLIER_2
M457,275.31,817.0,9.0,69.0,82.0,2023-09-19,1760.0,4440.0,Medium,9288.0,SUPPLIER_6
M619,150.0,194.0,5.0,19.0,64.0,2023-09-19,420.0,4890.0,High,6109.0,SUPPLIER_41
M112,459.66,677.0,4.0,98.0,38.0,2023-09-05,270.0,3330.0,Low,8240.0,SUPPLIER_59
M092,330.39,913.0,12.0,139.0,21.0,2023-09-19,900.0,3890.0,Medium,8435.0,SUPPLIER_45
M208,359.53,542.0,3.0,30.0,61.0,2023-09-05,970.0,680.0,High,4502.0,SUPPLIER_29
M383,216.18,896.0,7.0,199.0,64.0,2023-10-18,970.0,2870.0,High,5719.0,SUPPLIER_68
M300,276.97,85.0,3.0,84.0,85.0,2023-10-28,1660.0,4570.0,Low,4261.0,SUPPLIER_20
M462,275.31,915.0,6.0,95.0,66.0,2023-10-20,770.0,860.0,Low,7810.0,SUPPLIER_50
M223,271.84,323.0,11.0,160.0,44.0,2023-10-25,1760.0,1600.0,Medium,4280.0,SUPPLIER_7
M220,275.31,484.0,14.0,59.0,38.0,2023-10-25,1790.0,3060.0,Medium,4069.0,SUPPLIER_73
M453,93.91,609.0,12.0,84.0,83.0,2023-09-19,340.0,3510.0,Medium,3496.0,SUPPLIER_59
M493,178.84,685.0,13.0,112.0,100.0,2023-09-23,1780.0,3280.0,Medium,2150.0,SUPPLIER_69
M456,124.23,845.0,4.0,191.0,20.0,2023-09-29,1590.0,4730.0,Low,3434.0,SUPPLIER_23
M296,438.0,776.0,13.0,27.0,65.0,2023-09-29,1320.0,2900.0,Medium,4503.0,SUPPLIER_25
M355,412.29,405.0,5.0,190.0,73.0,2023-09-18,1910.0,3610.0,High,7462.0,SUPPLIER_80
M155,462.78,470.0,13.0,20.0,25.0,2023-10-22,1190.0,2160.0,Low,7826.0,SUPPLIER_55
M354,305.5,535.0,15.0,102.0,14.0,2023-09-06,220.0,1050.0,Medium,6773.0,SUPPLIER_63
M873,117.0,256.0,5.0,40.0,97.0,2023-10-03,860.0,4000.0,High,8799.0,SUPPLIER_17
M231,354.3,123.0,12.0,95.0,8.0,2023-09-06,1250.0,3140.0,High,3867.0,SUPPLIER_65
M433,243.92,748.0,9.0,190.0,42.0,2023-09-12,660.0,4180.0,High,9977.0,SUPPLIER_50
M386,364.7,719.0,14.0,200.0,31.0,2023-09-15,380.0,3860.0,High,6068.0,SUPPLIER_19
M382,275.31,750.0,3.0,181.0,77.0,2023-09-27,710.0,2470.0,Low,8172.0,SUPPLIER_57
M196,52.66,846.0,8.0,31.0,11.0,2023-09-06,440.0,2630.0,High,9452.0,SUPPLIER_38
M356,389.52,446.0,3.0,128.0,26.0,2023-09-29,260.0,3430.0,Low,1529.0,SUPPLIER_83
M323,388.51,941.0,7.0,88.0,51.0,2023-10-16,950.0,4080.0,Low,4489.0,SUPPLIER_48
M170,276.81,401.0,5.0,45.0,65.0,2023-09-26,1180.0,2660.0,Medium,2796.0,SUPPLIER_34
M386,370.51,365.0,11.0,27.0,93.0,2023-10-18,770.0,3280.0,Low,4130.0,SUPPLIER_13
M474,57.63,49.0,13.0,194.0,81.0,2023-09-20,580.0,4770.0,Medium,5044.0,SUPPLIER_25
M139,201.72,668.0,3.0,63.0,37.0,2023-10-04,1680.0,3610.0,Low,3919.0,SUPPLIER_83
M357,351.62,399.0,11.0,119.0,99.0,2023-10-12,1030.0,3740.0,High,2158.0,SUPPLIER_57
M179,132.9,58.0,14.0,113.0,74.0,2023-09-21,490.0,4810.0,High,3814.0,SUPPLIER_28
M248,267.0,204.0,15.0,89.0,49.0,2023-09-21,1930.0,2270.0,Medium,8085.0,SUPPLIER_28
M739,275.31,56.0,8.0,31.0,16.0,2023-09-17,1870.0,3240.0,Low,1389.0,SUPPLIER_68
M132,275.31,145.0,7.0,95.0,71.0,2023-09-17,1920.0,1440.0,High,6157.0,SUPPLIER_16
M041,363.48,794.0,15.0,134.0,93.0,2023-10-09,1370.0,4410.0,Low,2512.0,SUPPLIER_15
M252,208.31,108.0,11.0,147.0,24.0,2023-09-10,440.0,4230.0,Low,5263.0,SUPPLIER_62
M451,20.0,628.0,9.0,15.0,51.0,2023-09-10,930.0,1150.0,Medium,7302.0,SUPPLIER_1
M300,59.84,21.0,10.0,39.0,98.0,2023-09-29,880.0,4080.0,High,1156.0,SUPPLIER_35
M820,236.0,82.0,3.0,187.0,95.0,2023-09-29,870.0,1610.0,Low,5754.0,SUPPLIER_83
M450,275.31,55.0,5.0,137.0,73.0,2023-10-16,1580.0,3560.0,High,3192.0,SUPPLIER_8
M181,275.31,60.0,3.0,144.0,5.0,2023-10-16,460.0,2690.0,Medium,3295.0,SUPPLIER_80
M417,272.45,923.0,4.0,102.0,76.0,2023-10-25,1150.0,1870.0,High,5635.0,SUPPLIER_4
M036,275.31,165.0,3.0,98.0,9.0,2023-10-25,840.0,2130.0,High,8114.0,SUPPLIER_1
M286,420.31,189.0,12.0,104.0,33.0,2023-10-27,1350.0,4900.0,Medium,1435.0,SUPPLIER_41
M136,126.43,424.0,11.0,112.0,61.0,2023-10-08,770.0,2900.0,High,4663.0,SUPPLIER_67
M002,341.84,59.0,15.0,53.0,60.0,2023-10-15,1630.0,3020.0,High,5155.0,SUPPLIER_38
M056,75.86,582.0,6.0,147.0,83.0,2023-09-21,370.0,1060.0,High,3832.0,SUPPLIER_62
M190,275.31,38.0,14.0,132.0,43.0,2023-09-21,300.0,3850.0,Low,6091.0,SUPPLIER_78
M822,93.23,60.0,7.0,40.0,99.0,2023-09-21,1770.0,4090.0,Low,9859.0,SUPPLIER_37
M111,58.06,483.0,4.0,67.0,72.0,2023-09-12,530.0,3410.0,High,4155.0,SUPPLIER_33
M140,297.86,889.0,11.0,117.0,64.0,2023-10-13,1060.0,4600.0,Low,9142.0,SUPPLIER_37
M224,473.74,421.0,13.0,144.0,21.0,2023-09-18,200.0,1630.0,Medium,9973.0,SUPPLIER_24
M811,223.66,70.0,3.0,83.0,44.0,2023-09-18,1450.0,3120.0,High,5871.0,SUPPLIER_46
M267,362.7,546.0,10.0,69.0,73.0,2023-10-19,230.0,3520.0,Medium,9067.0,SUPPLIER_21
M360,65.84,310.0,6.0,56.0,25.0,2023-10-14,800.0,5000.0,Medium,9034.0,SUPPLIER_58
M457,396.21,413.0,5.0,132.0,74.0,2023-09-30,1220.0,2940.0,High,6313.0,SUPPLIER_66
M142,309.35,158.0,6.0,198.0,93.0,2023-10-08,1860.0,1350.0,Low,2586.0,SUPPLIER_71
M149,142.49,645.0,12.0,11.0,25.0,2023-10-22,1990.0,690.0,Medium,8429.0,SUPPLIER_73
M323,327.82,909.0,7.0,138.0,32.0,2023-10-26,230.0,4320.0,Low,4012.0,SUPPLIER_82
M417,85.26,152.0,13.0,200.0,64.0,2023-09-05,770.0,4080.0,Low,7701.0,SUPPLIER_26
M398,453.0,44.0,3.0,128.0,26.0,2023-09-05,1650.0,3670.0,High,2050.0,SUPPLIER_6
M068,346.03,749.0,11.0,13.0,78.0,2023-10-11,1340.0,3880.0,High,3426.0,SUPPLIER_23
M697,275.31,974.0,8.0,16.0,59.0,2023-10-11,880.0,3640.0,Medium,1579.0,SUPPLIER_51
M664,418.0,275.0,4.0,76.0,74.0,2023-10-11,440.0,3040.0,High,1576.0,SUPPLIER_25
M304,383.15,763.0,13.0,150.0,10.0,2023-10-12,580.0,2080.0,High,1380.0,SUPPLIER_5
M111,470.01,411.0,11.0,110.0,32.0,2023-10-14,1920.0,1840.0,High,4648.0,SUPPLIER_31
M380,460.6,605.0,6.0,59.0,64.0,2023-10-15,220.0,3300.0,Low,6582.0,SUPPLIER_78
M426,224.21,983.0,12.0,68.0,68.0,2023-09-20,780.0,4240.0,Medium,1406.0,SUPPLIER_83
M057,336.98,701.0,8.0,68.0,50.0,2023-10-02,310.0,3710.0,Medium,2423.0,SUPPLIER_68
M511,195.0,422.0,8.0,104.0,95.0,2023-10-02,920.0,4060.0,Low,3396.0,SUPPLIER_7
M278,199.72,238.0,11.0,54.0,83.0,2023-09-27,53.0,206.0,High,8420.0,SUPPLIER_48
M064,179.77,478.0,11.0,176.0,7.0,2023-09-26,172.0,247.0,Low,3992.0,SUPPLIER_74
M083,278.77,762.0,11.0,88.0,99.0,2023-09-16,21.0,219.0,High,4597.0,SUPPLIER_57
M221,275.31,240.0,9.0,11.0,16.0,2023-09-16,156.0,223.0,High,9862.0,SUPPLIER_18
M497,466.05,141.0,11.0,17.0,8.0,2023-10-20,194.0,181.0,High,6260.0,SUPPLIER_28
M263,483.33,276.0,11.0,113.0,39.0,2023-09-29,104.0,391.0,Low,7401.0,SUPPLIER_44
M101,71.27,332.0,3.0,13.0,39.0,2023-10-19,120.0,106.0,High,5344.0,SUPPLIER_66
M293,335.7,204.0,15.0,87.0,6.0,2023-09-28,119.0,239.0,High,3546.0,SUPPLIER_6
M439,112.04,326.0,14.0,55.0,37.0,2023-09-05,126.0,96.0,Medium,4402.0,SUPPLIER_66
M177,100.57,215.0,11.0,109.0,22.0,2023-09-22,141.0,126.0,High,4286.0,SUPPLIER_27
M181,279.74,743.0,12.0,29.0,35.0,2023-10-04,106.0,200.0,Medium,7379.0,SUPPLIER_23
M468,202.0,546.0,15.0,74.0,88.0,2023-10-27,92.0,321.0,High,2083.0,SUPPLIER_19
M029,481.48,543.0,14.0,102.0,39.0,2023-09-11,38.0,356.0,High,3267.0,SUPPLIER_28
M285,211.36,988.0,7.0,67.0,51.0,2023-10-27,158.0,191.0,Low,7118.0,SUPPLIER_58
M391,207.54,489.0,4.0,19.0,53.0,2023-09-08,139.0,171.0,Medium,8923.0,SUPPLIER_39
M371,306.52,870.0,8.0,75.0,61.0,2023-10-30,25.0,216.0,Low,3598.0,SUPPLIER_43
M233,354.66,517.0,4.0,62.0,20.0,2023-09-17,108.0,180.0,High,1111.0,SUPPLIER_10
M495,80.03,996.0,5.0,27.0,21.0,2023-09-25,154.0,478.0,High,1021.0,SUPPLIER_32
M398,313.92,150.0,4.0,135.0,69.0,2023-09-15,31.0,271.0,Medium,5458.0,SUPPLIER_13
M440,275.31,67.0,15.0,184.0,70.0,2023-09-15,172.0,240.0,Low,6719.0,SUPPLIER_14
M480,481.38,677.0,8.0,19.0,41.0,2023-09-25,133.0,102.0,Low,7583.0,SUPPLIER_17
M205,364.68,834.0,14.0,109.0,63.0,2023-10-25,90.0,134.0,High,2271.0,SUPPLIER_7
M166,492.01,55.0,9.0,55.0,46.0,2023-10-25,54.0,409.0,Low,2761.0,SUPPLIER_58
M684,275.31,355.0,3.0,133.0,28.0,2023-10-09,41.0,265.0,Medium,5170.0,SUPPLIER_33
M357,442.36,827.0,15.0,200.0,16.0,2023-10-04,144.0,389.0,Low,5768.0,SUPPLIER_17
M169,123.3,195.0,8.0,116.0,41.0,2023-09-06,119.0,273.0,High,4419.0,SUPPLIER_83
M233,351.39,740.0,8.0,14.0,99.0,2023-10-01,43.0,320.0,Low,6875.0,SUPPLIER_45
M452,479.49,243.0,4.0,166.0,100.0,2023-09-27,180.0,277.0,High,4384.0,SUPPLIER_76
M967,275.31,21.0,10.0,29.0,8.0,2023-09-27,84.0,161.0,Low,2257.0,SUPPLIER_39
M090,395.3,579.0,12.0,167.0,73.0,2023-09-20,94.0,416.0,Low,4985.0,SUPPLIER_76
M105,297.91,552.0,8.0,188.0,89.0,2023-09-09,36.0,403.0,High,3259.0,SUPPLIER_31
M332,128.0,893.0,8.0,157.0,14.0,2023-09-09,145.0,248.0,Medium,3507.0,SUPPLIER_81
M391,190.38,588.0,9.0,142.0,39.0,2023-10-01,194.0,462.0,High,2898.0,SUPPLIER_20
M287,362.6,393.0,10.0,61.0,23.0,2023-09-19,162.0,379.0,High,5098.0,SUPPLIER_40
M975,275.31,575.0,5.0,198.0,51.0,2023-09-19,88.0,324.0,High,4405.0,SUPPLIER_52
M007,77.69,645.0,8.0,45.0,25.0,2023-09-06,81.0,79.0,Low,9717.0,SUPPLIER_41
M998,275.31,556.0,13.0,74.0,24.0,2023-09-06,27.0,156.0,High,6852.0,SUPPLIER_25
M212,275.31,901.0,6.0,154.0,86.0,2023-09-06,137.0,88.0,Low,6288.0,SUPPLIER_30
M190,77.02,524.0,3.0,171.0,90.0,2023-09-19,125.0,469.0,Medium,7455.0,SUPPLIER_75
M476,346.91,312.0,6.0,167.0,15.0,2023-10-26,129.0,52.0,Low,6145.0,SUPPLIER_71
M180,262.33,128.0,10.0,20.0,24.0,2023-10-24,162.0,84.0,High,6492.0,SUPPLIER_46
M351,187.89,795.0,4.0,54.0,36.0,2023-10-29,112.0,339.0,Low,4420.0,SUPPLIER_56
M507,163.39,699.0,5.0,91.0,40.0,2023-10-29,73.0,267.0,Low,8898.0,SUPPLIER_78
M175,354.05,88.0,13.0,88.0,28.0,2023-10-20,71.0,404.0,Medium,1748.0,SUPPLIER_3
M287,243.63,690.0,14.0,132.0,60.0,2023-09-04,138.0,278.0,Low,7395.0,SUPPLIER_5
M146,409.27,378.0,6.0,172.0,90.0,2023-10-03,183.0,500.0,Medium,2808.0,SUPPLIER_2
M157,207.92,565.0,10.0,155.0,40.0,2023-09-10,138.0,448.0,Medium,5104.0,SUPPLIER_37
M412,193.01,852.0,9.0,80.0,70.0,2023-09-20,117.0,304.0,High,2980.0,SUPPLIER_71
M015,165.88,59.0,15.0,186.0,81.0,2023-09-02,98.0,299.0,High,6372.0,SUPPLIER_66
M259,321.59,700.0,15.0,80.0,78.0,2023-09-02,131.0,203.0,Low,5169.0,SUPPLIER_67
M433,455.53,390.0,7.0,118.0,95.0,2023-09-23,161.0,348.0,Medium,4226.0,SUPPLIER_14
M019,137.18,654.0,12.0,179.0,71.0,2023-09-14,41.0,304.0,Medium,2590.0,SUPPLIER_16
M154,425.65,745.0,11.0,107.0,97.0,2023-09-15,21.0,500.0,Medium,1244.0,SUPPLIER_79
M332,445.98,762.0,13.0,59.0,90.0,2023-09-12,110.0,125.0,High,3343.0,SUPPLIER_59
M275,275.31,957.0,7.0,35.0,35.0,2023-10-06,67.0,352.0,High,7925.0,SUPPLIER_16
M239,156.94,73.0,3.0,87.0,85.0,2023-09-27,79.0,402.0,Low,7197.0,SUPPLIER_52
M492,445.6,957.0,13.0,107.0,65.0,2023-10-23,70.0,250.0,Low,5242.0,SUPPLIER_52
M484,272.54,880.0,3.0,132.0,62.0,2023-10-18,73.0,444.0,Low,3126.0,SUPPLIER_46
M163,102.33,787.0,6.0,186.0,99.0,2023-09-24,52.0,383.0,Low,7065.0,SUPPLIER_70
M069,91.81,855.0,14.0,126.0,60.0,2023-10-27,54.0,330.0,Medium,8215.0,SUPPLIER_10
M154,185.8,457.0,10.0,172.0,78.0,2023-10-26,130.0,234.0,High,9049.0,SUPPLIER_26
M077,392.14,636.0,4.0,195.0,62.0,2023-09-15,141.0,187.0,Medium,7906.0,SUPPLIER_60
M475,125.71,381.0,14.0,24.0,70.0,2023-09-18,131.0,107.0,Medium,8993.0,SUPPLIER_67
M226,306.82,692.0,4.0,24.0,56.0,2023-10-14,113.0,417.0,Medium,6003.0,SUPPLIER_3
M190,325.03,955.0,5.0,157.0,57.0,2023-10-31,146.0,206.0,High,1473.0,SUPPLIER_26
M083,392.75,338.0,3.0,94.0,80.0,2023-09-24,71.0,245.0,High,3886.0,SUPPLIER_55
M235,68.5,440.0,11.0,124.0,66.0,2023-09-14,170.0,203.0,Low,4937.0,SUPPLIER_38
M497,97.89,949.0,4.0,114.0,78.0,2023-09-24,102.0,458.0,Medium,7393.0,SUPPLIER_31
M402,405.2,541.0,4.0,176.0,100.0,2023-09-19,86.0,92.0,High,7396.0,SUPPLIER_36
M087,361.91,635.0,12.0,153.0,11.0,2023-09-26,25.0,476.0,Low,8226.0,SUPPLIER_71
M249,133.87,78.0,6.0,145.0,5.0,2023-09-05,103.0,87.0,Low,4558.0,SUPPLIER_44
M173,275.31,34.0,10.0,81.0,23.0,2023-09-21,42.0,495.0,High,2805.0,SUPPLIER_25
M291,224.71,892.0,4.0,136.0,35.0,2023-10-22,147.0,75.0,Low,7287.0,SUPPLIER_12
M295,453.81,755.0,8.0,197.0,53.0,2023-10-22,193.0,379.0,Medium,3872.0,SUPPLIER_79
M405,150.56,197.0,8.0,144.0,61.0,2023-09-12,162.0,486.0,Medium,3767.0,SUPPLIER_36
M249,495.49,784.0,4.0,118.0,89.0,2023-10-16,192.0,223.0,Low,5050.0,SUPPLIER_7
M237,95.23,264.0,4.0,127.0,88.0,2023-09-25,77.0,120.0,Medium,3455.0,SUPPLIER_1
M274,475.59,486.0,8.0,144.0,65.0,2023-10-09,81.0,337.0,High,7693.0,SUPPLIER_35
M148,448.07,233.0,10.0,37.0,29.0,2023-09-08,185.0,234.0,Low,3706.0,SUPPLIER_30
M144,310.9,318.0,10.0,128.0,85.0,2023-09-28,64.0,248.0,Low,9241.0,SUPPLIER_83
M400,347.61,874.0,12.0,88.0,75.0,2023-10-04,27.0,343.0,Medium,1873.0,SUPPLIER_2
M193,275.31,226.0,15.0,182.0,21.0,2023-10-04,102.0,183.0,Medium,7908.0,SUPPLIER_43
M278,326.84,820.0,9.0,75.0,90.0,2023-10-22,60.0,445.0,Low,7214.0,SUPPLIER_67
M433,290.06,68.0,4.0,180.0,66.0,2023-09-17,152.0,356.0,Medium,1767.0,SUPPLIER_80
M176,408.0,694.0,7.0,94.0,41.0,2023-10-16,96.0,384.0,Medium,6904.0,SUPPLIER_15
M076,62.81,502.0,12.0,146.0,51.0,2023-09-20,117.0,417.0,Low,9846.0,SUPPLIER_35
M309,59.44,172.0,12.0,154.0,15.0,2023-10-23,104.0,383.0,Low,5758.0,SUPPLIER_3
M291,168.0,746.0,4.0,114.0,13.0,2023-10-23,75.0,308.0,Low,6173.0,SUPPLIER_39
M448,195.28,216.0,13.0,99.0,51.0,2023-10-28,94.0,278.0,Low,6119.0,SUPPLIER_26
M986,275.31,711.0,7.0,41.0,77.0,2023-10-28,121.0,499.0,High,8327.0,SUPPLIER_21
M460,387.88,225.0,13.0,136.0,16.0,2023-10-06,134.0,242.0,Medium,3858.0,SUPPLIER_42
M528,146.8,385.0,14.0,122.0,13.0,2023-10-06,53.0,261.0,Low,7320.0,SUPPLIER_72
M018,139.84,991.0,7.0,17.0,65.0,2023-09-09,162.0,147.0,Low,1582.0,SUPPLIER_19
M853,275.31,77.0,15.0,130.0,39.0,2023-09-09,120.0,141.0,High,1860.0,SUPPLIER_18
M118,208.56,879.0,11.0,85.0,49.0,2023-10-01,159.0,277.0,Medium,6585.0,SUPPLIER_20
M263,365.13,750.0,3.0,47.0,77.0,2023-10-24,168.0,166.0,Medium,9616.0,SUPPLIER_5
M284,313.76,255.0,7.0,51.0,54.0,2023-09-29,198.0,69.0,Low,7356.0,SUPPLIER_47
M334,225.16,661.0,12.0,83.0,78.0,2023-09-26,172.0,352.0,Low,6860.0,SUPPLIER_39
M082,275.31,464.0,3.0,129.0,70.0,2023-09-26,53.0,237.0,Low,9960.0,SUPPLIER_66
M167,424.67,355.0,4.0,34.0,54.0,2023-10-05,63.0,376.0,Medium,8210.0,SUPPLIER_66
M326,432.66,313.0,5.0,10.0,60.0,2023-10-17,31.0,315.0,High,5050.0,SUPPLIER_58
M284,478.27,596.0,11.0,145.0,96.0,2023-10-02,51.0,271.0,High,2390.0,SUPPLIER_54
M438,275.31,820.0,3.0,72.0,77.0,2023-10-02,176.0,261.0,Medium,4875.0,SUPPLIER_82
M359,493.0,453.0,10.0,185.0,91.0,2023-10-02,67.0,189.0,High,9049.0,SUPPLIER_6
M249,158.59,976.0,7.0,159.0,12.0,2023-09-04,129.0,447.0,High,1901.0,SUPPLIER_8
M486,358.11,34.0,10.0,165.0,12.0,2023-10-31,104.0,110.0,Medium,3957.0,SUPPLIER_7
M232,389.39,572.0,14.0,197.0,53.0,2023-09-12,59.0,183.0,Low,9015.0,SUPPLIER_42
M814,460.34,480.0,13.0,102.0,14.0,2023-09-12,48.0,470.0,High,2843.0,SUPPLIER_30
M025,451.39,229.0,4.0,160.0,95.0,2023-09-17,120.0,479.0,Low,4796.0,SUPPLIER_28
M673,275.31,725.0,6.0,47.0,95.0,2023-09-17,148.0,388.0,Low,4420.0,SUPPLIER_9
M490,406.04,401.0,4.0,192.0,83.0,2023-10-04,45.0,372.0,Low,2444.0,SUPPLIER_31
M103,256.8,817.0,14.0,190.0,99.0,2023-09-02,145.0,304.0,Medium,1231.0,SUPPLIER_19
M139,272.0,123.0,4.0,99.0,89.0,2023-09-02,88.0,228.0,High,1814.0,SUPPLIER_70
M636,275.31,123.0,8.0,140.0,33.0,2023-10-21,186.0,111.0,High,7565.0,SUPPLIER_68
M178,387.79,795.0,13.0,54.0,26.0,2023-10-02,27.0,71.0,Low,9445.0,SUPPLIER_44
M022,189.78,187.0,11.0,67.0,91.0,2023-10-05,159.0,393.0,Medium,5388.0,SUPPLIER_51
M154,120.45,131.0,5.0,172.0,22.0,2023-09-30,111.0,490.0,Low,5322.0,SUPPLIER_45
M108,220.04,792.0,14.0,18.0,89.0,2023-10-04,164.0,120.0,High,4681.0,SUPPLIER_73
M860,275.31,37.0,10.0,191.0,24.0,2023-10-04,47.0,65.0,Low,7497.0,SUPPLIER_53
M147,275.31,248.0,7.0,131.0,34.0,2023-10-04,25.0,253.0,High,6771.0,SUPPLIER_27
M325,222.26,213.0,13.0,25.0,59.0,2023-09-03,73.0,266.0,High,9233.0,SUPPLIER_32
M372,207.82,569.0,12.0,54.0,47.0,2023-10-08,70.0,481.0,Low,5570.0,SUPPLIER_10
M270,275.31,921.0,8.0,127.0,85.0,2023-10-08,52.0,477.0,Medium,6847.0,SUPPLIER_47
M198,64.33,859.0,5.0,68.0,84.0,2023-09-08,117.0,234.0,Medium,8396.0,SUPPLIER_26
M621,275.31,674.0,13.0,157.0,9.0,2023-09-08,75.0,366.0,High,9746.0,SUPPLIER_37
M082,168.23,920.0,5.0,173.0,7.0,2023-09-04,47.0,360.0,Medium,6302.0,SUPPLIER_74
M172,275.31,961.0,8.0,184.0,71.0,2023-10-08,176.0,150.0,Medium,5590.0,SUPPLIER_27
M218,456.06,355.0,5.0,89.0,86.0,2023-09-21,121.0,123.0,Medium,7493.0,SUPPLIER_60
M927,275.31,497.0,11.0,66.0,65.0,2023-09-21,171.0,114.0,Low,5349.0,SUPPLIER_5
M470,231.97,544.0,15.0,123.0,11.0,2023-09-21,86.0,380.0,High,1125.0,SUPPLIER_22
M126,355.7,945.0,3.0,45.0,55.0,2023-09-12,136.0,164.0,Low,4195.0,SUPPLIER_8
M444,494.71,257.0,6.0,45.0,44.0,2023-09-29,93.0,307.0,Low,2611.0,SUPPLIER_71
M986,275.31,863.0,14.0,124.0,13.0,2023-10-10,133.0,344.0,High,3053.0,SUPPLIER_67
M708,275.31,281.0,11.0,114.0,75.0,2023-10-10,52.0,378.0,High,4590.0,SUPPLIER_34
M036,341.96,555.0,8.0,151.0,59.0,2023-09-08,143.0,68.0,Low,6242.0,SUPPLIER_10
M373,359.83,76.0,5.0,33.0,66.0,2023-09-08,154.0,113.0,Medium,4441.0,SUPPLIER_22
M229,68.62,865.0,14.0,120.0,36.0,2023-09-08,126.0,376.0,High,4794.0,SUPPLIER_69
M754,275.31,433.0,4.0,99.0,95.0,2023-09-08,125.0,268.0,Low,9257.0,SUPPLIER_73
M084,454.22,406.0,5.0,119.0,41.0,2023-09-21,89.0,465.0,Medium,8829.0,SUPPLIER_29
M990,275.31,789.0,13.0,140.0,79.0,2023-10-09,149.0,369.0,High,4294.0,SUPPLIER_25
M321,164.82,577.0,4.0,38.0,5.0,2023-10-09,139.0,367.0,High,4536.0,SUPPLIER_46
M429,93.31,798.0,15.0,95.0,36.0,2023-09-11,44.0,462.0,Medium,3028.0,SUPPLIER_11
M101,347.1,357.0,4.0,10.0,78.0,2023-10-23,92.0,346.0,High,8050.0,SUPPLIER_74
M973,112.25,731.0,10.0,53.0,62.0,2023-10-23,21.0,246.0,High,5478.0,SUPPLIER_77
M128,85.81,155.0,6.0,25.0,97.0,2023-09-09,67.0,260.0,Medium,4191.0,SUPPLIER_53
M239,243.0,351.0,7.0,171.0,41.0,2023-09-09,43.0,123.0,Medium,4491.0,SUPPLIER_56
M735,275.31,463.0,5.0,118.0,59.0,2023-09-09,24.0,369.0,High,7712.0,SUPPLIER_28
M342,308.0,653.0,12.0,27.0,69.0,2023-09-09,147.0,106.0,High,9612.0,SUPPLIER_7
M179,446.44,639.0,6.0,177.0,8.0,2023-09-13,122.0,160.0,High,6287.0,SUPPLIER_26
M033,394.03,875.0,14.0,127.0,18.0,2023-10-03,182.0,405.0,Medium,6303.0,SUPPLIER_82
M344,305.39,233.0,12.0,43.0,63.0,2023-09-19,115.0,334.0,Medium,6406.0,SUPPLIER_13
M112,359.44,568.0,4.0,73.0,37.0,2023-09-09,93.0,317.0,Medium,8660.0,SUPPLIER_7
M431,58.12,384.0,7.0,22.0,66.0,2023-09-25,185.0,191.0,Medium,6886.0,SUPPLIER_68
M181,157.7,163.0,3.0,130.0,22.0,2023-09-27,184.0,151.0,Medium,9227.0,SUPPLIER_8
M291,204.55,527.0,8.0,103.0,17.0,2023-09-29,179.0,65.0,Low,6612.0,SUPPLIER_26
M339,15.0,923.0,12.0,143.0,91.0,2023-10-10,69.0,367.0,Low,5397.0,SUPPLIER_54
M417,275.31,676.0,5.0,134.0,35.0,2023-10-10,71.0,246.0,Medium,9473.0,SUPPLIER_30
M202,59.59,789.0,10.0,109.0,48.0,2023-10-10,129.0,288.0,High,3455.0,SUPPLIER_45
M461,55.27,302.0,10.0,24.0,24.0,2023-09-24,147.0,167.0,Low,1816.0,SUPPLIER_70
M264,353.75,779.0,12.0,107.0,32.0,2023-10-22,70.0,159.0,Low,7594.0,SUPPLIER_45
M104,234.0,855.0,4.0,134.0,80.0,2023-10-01,72.0,117.0,High,6941.0,SUPPLIER_81
M295,270.3,922.0,3.0,13.0,31.0,2023-09-07,69.0,191.0,Low,8575.0,SUPPLIER_39
M355,159.55,731.0,12.0,125.0,76.0,2023-09-30,135.0,185.0,Low,7664.0,SUPPLIER_6
M302,331.92,445.0,4.0,52.0,12.0,2023-09-21,159.0,389.0,High,7912.0,SUPPLIER_16
M291,350.84,181.0,12.0,76.0,94.0,2023-10-04,49.0,238.0,Medium,6533.0,SUPPLIER_83
M342,198.22,754.0,10.0,96.0,68.0,2023-09-10,138.0,265.0,Medium,6397.0,SUPPLIER_66
M804,191.0,96.0,13.0,150.0,85.0,2023-09-10,20.0,227.0,Low,6448.0,SUPPLIER_22
M967,458.0,304.0,8.0,13.0,73.0,2023-09-10,134.0,199.0,Medium,5905.0,SUPPLIER_77
M984,275.31,819.0,15.0,102.0,40.0,2023-09-10,125.0,117.0,Low,2495.0,SUPPLIER_25
M161,275.31,353.0,9.0,171.0,90.0,2023-09-21,65.0,166.0,High,8818.0,SUPPLIER_23
M480,426.2,356.0,13.0,39.0,61.0,2023-09-16,200.0,475.0,Medium,8162.0,SUPPLIER_65
M468,205.32,293.0,8.0,120.0,44.0,2023-10-15,160.0,280.0,High,4234.0,SUPPLIER_83
M500,244.61,763.0,14.0,170.0,7.0,2023-09-04,138.0,196.0,Low,4920.0,SUPPLIER_39
M095,192.56,786.0,12.0,135.0,44.0,2023-10-29,106.0,291.0,High,8310.0,SUPPLIER_42
M365,201.19,244.0,10.0,190.0,28.0,2023-10-19,46.0,173.0,High,5927.0,SUPPLIER_74
M204,275.31,891.0,14.0,71.0,31.0,2023-10-19,113.0,497.0,Medium,4482.0,SUPPLIER_19
M003,106.38,83.0,5.0,123.0,21.0,2023-09-18,168.0,183.0,Medium,3820.0,SUPPLIER_32
M040,313.03,607.0,11.0,148.0,68.0,2023-10-02,155.0,320.0,Medium,4026.0,SUPPLIER_48
M114,229.64,106.0,8.0,58.0,28.0,2023-10-28,42.0,111.0,Medium,1673.0,SUPPLIER_56
M314,335.89,783.0,9.0,33.0,90.0,2023-10-29,85.0,177.0,Medium,8375.0,SUPPLIER_48
M230,468.58,21.0,15.0,123.0,97.0,2023-10-06,139.0,184.0,Low,7534.0,SUPPLIER_67
M566,275.31,823.0,6.0,200.0,34.0,2023-10-06,138.0,459.0,High,7199.0,SUPPLIER_14
M497,269.24,501.0,12.0,183.0,75.0,2023-10-06,39.0,348.0,Low,9812.0,SUPPLIER_20
M399,198.7,376.0,6.0,194.0,62.0,2023-10-30,30.0,486.0,Medium,6755.0,SUPPLIER_34
M478,201.06,694.0,9.0,12.0,49.0,2023-10-30,132.0,343.0,Low,8036.0,SUPPLIER_68
M254,343.28,821.0,9.0,186.0,11.0,2023-10-18,80.0,301.0,Low,3098.0,SUPPLIER_68
M422,466.77,246.0,13.0,90.0,75.0,2023-10-18,140.0,205.0,Medium,9104.0,SUPPLIER_41
M408,189.46,740.0,3.0,172.0,74.0,2023-10-25,186.0,494.0,Medium,1277.0,SUPPLIER_10
M328,223.19,432.0,12.0,112.0,20.0,2023-10-30,41.0,486.0,High,7117.0,SUPPLIER_55
M299,438.66,454.0,8.0,85.0,95.0,2023-09-22,160.0,278.0,Medium,2174.0,SUPPLIER_29
M852,182.41,135.0,7.0,93.0,96.0,2023-09-08,148.0,172.0,Medium,9647.0,SUPPLIER_29
M194,141.86,762.0,11.0,17.0,25.0,2023-09-04,96.0,158.0,Low,1742.0,SUPPLIER_40
M357,318.41,490.0,7.0,66.0,18.0,2023-10-15,135.0,88.0,Low,5187.0,SUPPLIER_32
M349,264.79,425.0,5.0,76.0,13.0,2023-09-07,92.0,225.0,Medium,7665.0,SUPPLIER_2
M006,192.01,746.0,9.0,182.0,88.0,2023-09-08,80.0,107.0,Low,2369.0,SUPPLIER_40
M104,309.6,809.0,10.0,88.0,56.0,2023-09-04,56.0,437.0,Medium,2909.0,SUPPLIER_34
M249,220.14,909.0,6.0,108.0,49.0,2023-10-19,183.0,412.0,Medium,7991.0,SUPPLIER_21
M784,275.31,536.0,9.0,50.0,39.0,2023-09-03,180.0,340.0,Medium,1995.0,SUPPLIER_52
M476,274.03,899.0,14.0,120.0,53.0,2023-10-21,151.0,484.0,Low,3548.0,SUPPLIER_83
M383,233.88,178.0,15.0,180.0,29.0,2023-10-23,67.0,267.0,High,6974.0,SUPPLIER_15
M441,347.35,853.0,5.0,59.0,65.0,2023-10-31,21.0,69.0,Low,4104.0,SUPPLIER_56
M017,324.61,96.0,6.0,15.0,77.0,2023-10-15,78.0,230.0,Low,4975.0,SUPPLIER_17
M286,275.31,919.0,7.0,103.0,42.0,2023-10-15,192.0,137.0,Medium,1555.0,SUPPLIER_76
M045,323.28,168.0,12.0,152.0,76.0,2023-09-30,188.0,115.0,Low,8522.0,SUPPLIER_2
M434,194.14,250.0,14.0,80.0,79.0,2023-09-26,51.0,151.0,High,1399.0,SUPPLIER_37
M020,358.41,499.0,12.0,130.0,13.0,2023-10-09,188.0,158.0,High,2126.0,SUPPLIER_37
M066,416.27,971.0,11.0,35.0,75.0,2023-09-26,171.0,359.0,Medium,4667.0,SUPPLIER_80
M236,178.0,825.0,12.0,148.0,51.0,2023-09-26,20.0,106.0,Low,7166.0,SUPPLIER_60
M339,164.04,830.0,3.0,38.0,46.0,2023-10-01,21.0,255.0,High,6997.0,SUPPLIER_77
M128,475.22,37.0,3.0,170.0,26.0,2023-09-18,144.0,441.0,Low,6863.0,SUPPLIER_7
M477,441.88,683.0,14.0,94.0,26.0,2023-09-18,197.0,315.0,Medium,4301.0,SUPPLIER_5
M358,100.65,524.0,4.0,195.0,92.0,2023-10-29,74.0,477.0,Medium,6510.0,SUPPLIER_22
M455,128.71,442.0,10.0,177.0,80.0,2023-09-02,139.0,407.0,High,6979.0,SUPPLIER_34
M448,303.06,140.0,14.0,154.0,23.0,2023-10-19,196.0,395.0,High,2379.0,SUPPLIER_57
M167,277.08,776.0,5.0,37.0,5.0,2023-09-24,188.0,273.0,High,8989.0,SUPPLIER_58
M029,332.93,950.0,10.0,130.0,16.0,2023-10-20,58.0,57.0,Medium,2941.0,SUPPLIER_47
M491,142.4,377.0,11.0,132.0,45.0,2023-10-01,22.0,316.0,High,2557.0,SUPPLIER_66
M167,90.7,394.0,6.0,138.0,53.0,2023-09-06,193.0,293.0,Medium,3463.0,SUPPLIER_14
M442,219.33,635.0,12.0,109.0,29.0,2023-09-21,79.0,466.0,Medium,7389.0,SUPPLIER_62
M366,381.23,258.0,10.0,185.0,62.0,2023-09-21,37.0,55.0,Low,5973.0,SUPPLIER_25
M405,152.45,458.0,7.0,31.0,30.0,2023-10-07,78.0,191.0,Low,7544.0,SUPPLIER_58
M790,275.31,567.0,14.0,180.0,46.0,2023-10-07,41.0,81.0,Low,6668.0,SUPPLIER_82
M486,209.83,525.0,9.0,138.0,96.0,2023-09-26,39.0,297.0,Medium,2116.0,SUPPLIER_56
M178,300.35,406.0,11.0,134.0,31.0,2023-10-31,152.0,123.0,Low,4389.0,SUPPLIER_56
M500,141.58,119.0,5.0,69.0,21.0,2023-09-04,145.0,241.0,High,7686.0,SUPPLIER_80
M128,266.69,785.0,13.0,197.0,11.0,2023-10-05,82.0,331.0,High,2623.0,SUPPLIER_69
M365,419.14,256.0,3.0,107.0,95.0,2023-10-05,59.0,79.0,Low,9653.0,SUPPLIER_46
M067,371.55,71.0,13.0,142.0,61.0,2023-10-16,83.0,123.0,Medium,5260.0,SUPPLIER_25
M420,393.06,392.0,5.0,112.0,82.0,2023-09-10,49.0,145.0,Low,5521.0,SUPPLIER_59
M096,408.0,811.0,6.0,30.0,17.0,2023-09-05,125.0,414.0,Low,7782.0,SUPPLIER_7
M342,310.81,221.0,12.0,28.0,19.0,2023-10-10,29.0,132.0,High,9889.0,SUPPLIER_25
M153,436.0,164.0,4.0,112.0,47.0,2023-10-10,24.0,205.0,Low,9412.0,SUPPLIER_1
M244,136.19,22.0,9.0,52.0,79.0,2023-10-21,23.0,226.0,High,7805.0,SUPPLIER_67
M171,275.31,180.0,12.0,160.0,51.0,2023-09-28,173.0,308.0,High,2882.0,SUPPLIER_53
M229,36.0,992.0,13.0,133.0,99.0,2023-09-28,109.0,334.0,Medium,9884.0,SUPPLIER_70
M268,233.1,38.0,9.0,41.0,63.0,2023-10-02,175.0,268.0,Medium,5111.0,SUPPLIER_12
M266,226.98,483.0,9.0,170.0,62.0,2023-10-11,28.0,241.0,Medium,6397.0,SUPPLIER_24
M958,70.0,599.0,7.0,127.0,71.0,2023-10-11,129.0,184.0,Medium,6368.0,SUPPLIER_52
M026,211.99,601.0,12.0,110.0,78.0,2023-10-31,101.0,204.0,Low,8655.0,SUPPLIER_78
M472,67.45,601.0,3.0,164.0,79.0,2023-10-03,136.0,313.0,High,6145.0,SUPPLIER_28
M070,115.62,275.0,3.0,130.0,76.0,2023-10-10,89.0,378.0,Low,1520.0,SUPPLIER_26
M707,80.0,658.0,12.0,53.0,88.0,2023-10-10,104.0,450.0,Low,2906.0,SUPPLIER_76
M212,373.73,202.0,8.0,193.0,60.0,2023-09-19,179.0,277.0,Medium,8870.0,SUPPLIER_50
M221,275.31,147.0,13.0,107.0,19.0,2023-09-19,43.0,85.0,Medium,8281.0,SUPPLIER_19
M532,112.0,747.0,6.0,123.0,21.0,2023-10-31,99.0,273.0,Medium,9762.0,SUPPLIER_70
M020,357.03,726.0,15.0,156.0,97.0,2023-09-07,188.0,229.0,Low,7118.0,SUPPLIER_6
M371,321.48,269.0,13.0,88.0,81.0,2023-09-17,78.0,399.0,High,5490.0,SUPPLIER_26
M572,275.31,192.0,9.0,175.0,80.0,2023-09-17,173.0,195.0,High,9942.0,SUPPLIER_29
M421,209.0,614.0,6.0,55.0,27.0,2023-09-17,21.0,277.0,Medium,1445.0,SUPPLIER_53
M083,484.55,537.0,7.0,74.0,79.0,2023-10-08,73.0,257.0,Low,9912.0,SUPPLIER_44
M410,234.83,945.0,10.0,181.0,9.0,2023-10-28,100.0,78.0,High,1290.0,SUPPLIER_3
M481,481.42,318.0,9.0,71.0,13.0,2023-09-07,167.0,484.0,Medium,7898.0,SUPPLIER_61
M168,361.46,93.0,3.0,99.0,30.0,2023-09-07,97.0,496.0,Low,1265.0,SUPPLIER_17
M246,131.04,62.0,11.0,136.0,49.0,2023-10-27,24.0,239.0,Medium,5794.0,SUPPLIER_72
M454,327.17,222.0,7.0,12.0,88.0,2023-09-07,111.0,176.0,Medium,9512.0,SUPPLIER_22
M426,354.18,210.0,15.0,112.0,5.0,2023-10-12,173.0,205.0,Medium,1962.0,SUPPLIER_26
M288,396.88,549.0,15.0,40.0,58.0,2023-10-30,132.0,214.0,Low,4673.0,SUPPLIER_37
M155,314.69,201.0,13.0,186.0,80.0,2023-10-18,82.0,380.0,High,7702.0,SUPPLIER_83
M147,85.8,883.0,3.0,139.0,75.0,2023-09-21,151.0,88.0,Medium,1591.0,SUPPLIER_83
M250,433.8,817.0,10.0,119.0,64.0,2023-10-20,46.0,393.0,Medium,7782.0,SUPPLIER_38
M764,275.31,855.0,12.0,132.0,15.0,2023-10-20,158.0,147.0,Low,3764.0,SUPPLIER_67
M311,367.74,36.0,6.0,119.0,91.0,2023-09-05,163.0,233.0,Low,8070.0,SUPPLIER_51
M317,200.71,258.0,10.0,46.0,42.0,2023-10-26,140.0,292.0,Low,6574.0,SUPPLIER_25
M135,496.77,816.0,3.0,199.0,80.0,2023-10-07,153.0,363.0,High,6047.0,SUPPLIER_49
M663,116.22,48.0,7.0,44.0,82.0,2023-10-07,172.0,218.0,High,6635.0,SUPPLIER_80
M016,351.65,674.0,9.0,103.0,98.0,2023-09-15,33.0,345.0,Medium,2550.0,SUPPLIER_59
M286,474.66,260.0,5.0,152.0,46.0,2023-09-20,148.0,398.0,Medium,4899.0,SUPPLIER_58
M077,258.86,960.0,12.0,12.0,43.0,2023-09-12,167.0,249.0,Low,2690.0,SUPPLIER_50
M228,190.16,48.0,9.0,163.0,96.0,2023-09-23,21.0,499.0,Low,6886.0,SUPPLIER_15
M381,223.17,302.0,6.0,163.0,57.0,2023-09-23,53.0,121.0,Medium,6560.0,SUPPLIER_67
M634,275.31,880.0,12.0,124.0,90.0,2023-09-23,71.0,245.0,Low,8857.0,SUPPLIER_67
M375,293.22,947.0,8.0,83.0,81.0,2023-10-15,141.0,241.0,High,9088.0,SUPPLIER_61
M470,498.97,75.0,6.0,101.0,48.0,2023-09-26,39.0,195.0,Medium,5774.0,SUPPLIER_8
M154,421.49,172.0,5.0,43.0,43.0,2023-09-23,141.0,441.0,Medium,9618.0,SUPPLIER_33
M283,151.38,42.0,9.0,97.0,13.0,2023-09-05,175.0,448.0,High,3499.0,SUPPLIER_28
M655,111.72,388.0,3.0,158.0,8.0,2023-09-05,192.0,149.0,Low,9276.0,SUPPLIER_71
M022,280.76,58.0,5.0,163.0,47.0,2023-09-29,169.0,289.0,Low,2221.0,SUPPLIER_49
M334,443.06,944.0,11.0,75.0,59.0,2023-10-01,96.0,385.0,Medium,7315.0,SUPPLIER_82
M011,342.01,208.0,13.0,185.0,52.0,2023-10-07,164.0,367.0,Medium,4075.0,SUPPLIER_82
M264,285.56,731.0,8.0,46.0,91.0,2023-10-05,77.0,379.0,Medium,8410.0,SUPPLIER_80
M267,363.17,978.0,3.0,25.0,27.0,2023-09-24,63.0,116.0,Medium,9108.0,SUPPLIER_64
M058,228.18,300.0,15.0,61.0,97.0,2023-10-02,181.0,233.0,High,7691.0,SUPPLIER_39
M488,419.29,88.0,3.0,141.0,74.0,2023-09-28,123.0,302.0,Low,9692.0,SUPPLIER_37
M575,275.31,249.0,5.0,178.0,30.0,2023-09-28,25.0,94.0,Medium,4351.0,SUPPLIER_66
M327,275.31,441.0,8.0,181.0,31.0,2023-09-28,58.0,314.0,Medium,9388.0,SUPPLIER_31
M191,454.91,749.0,3.0,129.0,71.0,2023-10-22,22.0,311.0,Low,7436.0,SUPPLIER_77
M058,294.74,825.0,9.0,31.0,42.0,2023-09-23,105.0,64.0,High,9289.0,SUPPLIER_6
M365,196.46,420.0,4.0,84.0,49.0,2023-10-09,182.0,56.0,Medium,9341.0,SUPPLIER_77
M326,275.31,871.0,7.0,30.0,66.0,2023-10-09,149.0,188.0,Low,2807.0,SUPPLIER_63
M019,79.34,110.0,9.0,188.0,80.0,2023-10-04,153.0,144.0,High,9009.0,SUPPLIER_69
M375,424.97,108.0,15.0,126.0,96.0,2023-09-16,45.0,433.0,Low,1589.0,SUPPLIER_2
M167,367.12,449.0,8.0,175.0,53.0,2023-10-15,84.0,85.0,High,1289.0,SUPPLIER_3
M263,475.08,511.0,3.0,61.0,5.0,2023-09-03,69.0,283.0,Medium,4599.0,SUPPLIER_16
M370,195.08,37.0,6.0,49.0,97.0,2023-09-03,85.0,398.0,Low,6807.0,SUPPLIER_70
M115,497.44,132.0,6.0,58.0,98.0,2023-09-14,58.0,261.0,Medium,8562.0,SUPPLIER_48
M482,260.15,892.0,11.0,124.0,97.0,2023-09-26,163.0,240.0,High,7959.0,SUPPLIER_81
M983,221.0,32.0,12.0,68.0,56.0,2023-09-26,50.0,496.0,Medium,1889.0,SUPPLIER_19
M066,215.31,340.0,14.0,17.0,51.0,2023-10-25,123.0,260.0,Low,5606.0,SUPPLIER_38
M015,199.65,902.0,11.0,108.0,12.0,2023-09-08,73.0,62.0,Medium,5129.0,SUPPLIER_74
M665,415.2,307.0,12.0,19.0,81.0,2023-09-08,179.0,408.0,High,7217.0,SUPPLIER_30
M271,384.15,787.0,8.0,46.0,39.0,2023-09-22,157.0,405.0,Low,3698.0,SUPPLIER_83
M456,339.66,819.0,5.0,49.0,67.0,2023-10-01,140.0,115.0,Low,1221.0,SUPPLIER_62
M372,483.83,25.0,14.0,113.0,10.0,2023-10-10,117.0,474.0,High,9796.0,SUPPLIER_60
M513,275.31,675.0,7.0,180.0,84.0,2023-10-10,128.0,435.0,Medium,9056.0,SUPPLIER_58
M896,379.0,590.0,6.0,149.0,91.0,2023-10-28,150.0,281.0,High,6157.0,SUPPLIER_58
M407,101.51,379.0,13.0,119.0,21.0,2023-09-03,53.0,83.0,Medium,9616.0,SUPPLIER_81
M156,223.17,820.0,15.0,74.0,51.0,2023-10-31,111.0,74.0,High,9568.0,SUPPLIER_83
M222,275.31,592.0,9.0,163.0,74.0,2023-10-31,115.0,281.0,Low,7713.0,SUPPLIER_57
M456,304.51,330.0,15.0,82.0,83.0,2023-09-28,193.0,469.0,High,8741.0,SUPPLIER_22
M046,307.32,844.0,14.0,191.0,15.0,2023-10-19,80.0,175.0,Medium,8470.0,SUPPLIER_10
M315,296.04,422.0,3.0,13.0,40.0,2023-10-29,183.0,113.0,Low,3261.0,SUPPLIER_83
M420,434.02,481.0,8.0,87.0,81.0,2023-09-22,81.0,386.0,Low,3054.0,SUPPLIER_6
M317,130.07,649.0,12.0,37.0,8.0,2023-10-22,35.0,236.0,High,1564.0,SUPPLIER_17
M267,449.97,172.0,4.0,192.0,50.0,2023-09-20,166.0,495.0,Medium,7962.0,SUPPLIER_29
M232,214.2,587.0,11.0,86.0,73.0,2023-09-19,34.0,148.0,High,5526.0,SUPPLIER_35
M303,57.98,860.0,10.0,119.0,90.0,2023-09-23,73.0,183.0,Low,9892.0,SUPPLIER_42
M431,190.89,557.0,10.0,18.0,38.0,2023-10-06,135.0,57.0,High,4093.0,SUPPLIER_41
M290,145.17,98.0,6.0,155.0,90.0,2023-09-02,137.0,151.0,Medium,4075.0,SUPPLIER_73
M273,175.6,953.0,6.0,30.0,79.0,2023-09-15,183.0,55.0,High,9446.0,SUPPLIER_70
M206,459.16,607.0,4.0,47.0,72.0,2023-10-15,115.0,260.0,High,1906.0,SUPPLIER_2
M086,487.31,955.0,9.0,71.0,44.0,2023-09-21,86.0,267.0,Medium,9276.0,SUPPLIER_5
M098,275.31,459.0,11.0,164.0,27.0,2023-09-21,54.0,475.0,High,7481.0,SUPPLIER_61
M091,87.09,760.0,12.0,163.0,9.0,2023-10-26,179.0,240.0,Medium,8994.0,SUPPLIER_55
M319,450.06,275.0,3.0,166.0,34.0,2023-10-27,138.0,156.0,High,9623.0,SUPPLIER_11
M075,174.6,57.0,6.0,144.0,72.0,2023-09-10,125.0,341.0,Medium,3221.0,SUPPLIER_1
M016,286.28,174.0,15.0,23.0,85.0,2023-10-13,80.0,186.0,High,8167.0,SUPPLIER_35
M447,209.64,332.0,14.0,18.0,66.0,2023-09-26,153.0,417.0,Medium,6805.0,SUPPLIER_74
M005,275.31,213.0,4.0,194.0,87.0,2023-09-26,103.0,254.0,Medium,8264.0,SUPPLIER_62
M237,206.15,448.0,10.0,170.0,59.0,2023-10-24,154.0,198.0,Medium,1683.0,SUPPLIER_79
M400,275.31,999.0,8.0,35.0,44.0,2023-10-24,200.0,244.0,Low,3699.0,SUPPLIER_46
M233,381.57,577.0,10.0,161.0,35.0,2023-09-02,117.0,172.0,Low,6083.0,SUPPLIER_60
M471,455.53,376.0,11.0,24.0,23.0,2023-10-22,98.0,195.0,High,9519.0,SUPPLIER_26
M235,275.31,167.0,4.0,31.0,63.0,2023-10-22,49.0,155.0,Medium,8088.0,SUPPLIER_19
M327,279.03,910.0,15.0,77.0,7.0,2023-10-11,63.0,250.0,Low,7435.0,SUPPLIER_80
M525,274.61,26.0,5.0,147.0,10.0,2023-10-11,42.0,444.0,High,4002.0,SUPPLIER_63
M741,275.31,610.0,14.0,150.0,69.0,2023-10-11,149.0,390.0,High,8246.0,SUPPLIER_59
M544,275.31,437.0,7.0,38.0,63.0,2023-10-11,23.0,62.0,High,4541.0,SUPPLIER_76
M372,131.76,813.0,5.0,15.0,63.0,2023-10-21,106.0,298.0,Medium,9952.0,SUPPLIER_16
M965,275.31,20.0,8.0,183.0,35.0,2023-10-21,89.0,87.0,Medium,1657.0,SUPPLIER_22
M712,66.0,178.0,7.0,112.0,48.0,2023-10-21,61.0,81.0,Medium,9724.0,SUPPLIER_2
M345,228.68,361.0,3.0,29.0,19.0,2023-09-16,91.0,280.0,Medium,7672.0,SUPPLIER_13
M032,249.0,687.0,14.0,32.0,84.0,2023-10-29,100.0,71.0,Low,7743.0,SUPPLIER_19
M662,275.31,679.0,9.0,139.0,43.0,2023-10-29,159.0,53.0,Low,6618.0,SUPPLIER_42
M035,438.22,473.0,3.0,174.0,43.0,2023-10-20,146.0,463.0,High,3470.0,SUPPLIER_69
M029,76.24,551.0,12.0,143.0,23.0,2023-10-13,69.0,379.0,Low,6069.0,SUPPLIER_31
M322,134.01,600.0,5.0,191.0,10.0,2023-10-06,180.0,465.0,Low,1699.0,SUPPLIER_13
M189,496.07,695.0,6.0,33.0,66.0,2023-10-16,82.0,317.0,Medium,1590.0,SUPPLIER_73
M933,373.0,181.0,13.0,197.0,47.0,2023-09-07,29.0,496.0,Medium,4142.0,SUPPLIER_50
M019,493.73,980.0,8.0,29.0,45.0,2023-09-07,192.0,193.0,High,8094.0,SUPPLIER_80
M383,224.6,451.0,7.0,115.0,62.0,2023-09-24,58.0,259.0,High,6400.0,SUPPLIER_32
M293,406.71,457.0,3.0,30.0,90.0,2023-10-13,171.0,101.0,High,3714.0,SUPPLIER_12
M108,275.31,983.0,8.0,130.0,16.0,2023-10-13,157.0,425.0,High,4695.0,SUPPLIER_36
M129,152.36,307.0,11.0,79.0,91.0,2023-09-18,196.0,343.0,Low,7465.0,SUPPLIER_3
M399,275.31,186.0,15.0,159.0,83.0,2023-09-18,185.0,317.0,Low,2132.0,SUPPLIER_37
M278,280.08,465.0,7.0,182.0,75.0,2023-09-27,192.0,479.0,Medium,1325.0,SUPPLIER_9
M032,168.35,657.0,14.0,188.0,30.0,2023-10-09,169.0,248.0,Low,4320.0,SUPPLIER_1
M878,18.0,347.0,3.0,75.0,47.0,2023-10-09,96.0,81.0,Medium,6825.0,SUPPLIER_44
M006,51.02,847.0,8.0,35.0,67.0,2023-09-08,138.0,201.0,High,7815.0,SUPPLIER_55
M395,494.52,220.0,9.0,75.0,43.0,2023-10-06,70.0,144.0,High,4487.0,SUPPLIER_64
M005,73.37,719.0,11.0,25.0,76.0,2023-10-17,138.0,331.0,High,2074.0,SUPPLIER_26
M278,275.31,110.0,3.0,198.0,45.0,2023-10-17,144.0,292.0,High,3864.0,SUPPLIER_75
M026,102.03,879.0,14.0,54.0,21.0,2023-09-17,149.0,93.0,Low,4174.0,SUPPLIER_28
M244,367.81,70.0,8.0,17.0,26.0,2023-10-28,122.0,152.0,Low,7954.0,SUPPLIER_5
M299,195.0,123.0,13.0,73.0,69.0,2023-10-28,177.0,164.0,Low,2445.0,SUPPLIER_46
M213,275.31,684.0,14.0,37.0,27.0,2023-10-28,147.0,320.0,High,5516.0,SUPPLIER_1
M218,232.71,960.0,4.0,124.0,58.0,2023-09-21,86.0,76.0,Medium,8791.0,SUPPLIER_40
M154,183.22,215.0,3.0,182.0,49.0,2023-09-17,145.0,275.0,Low,2307.0,SUPPLIER_65
M245,234.59,53.0,11.0,39.0,28.0,2023-09-14,168.0,276.0,Medium,7370.0,SUPPLIER_37
M484,216.05,788.0,9.0,167.0,67.0,2023-10-05,109.0,397.0,High,2478.0,SUPPLIER_75
M442,201.71,910.0,4.0,109.0,34.0,2023-09-10,134.0,402.0,Low,6775.0,SUPPLIER_82
M420,211.36,366.0,3.0,186.0,73.0,2023-10-30,112.0,280.0,High,3190.0,SUPPLIER_78
M207,145.0,115.0,14.0,101.0,99.0,2023-10-20,92.0,217.0,Medium,6397.0,SUPPLIER_5
M890,275.31,555.0,14.0,142.0,11.0,2023-10-14,90.0,175.0,Medium,6429.0,SUPPLIER_53
M456,307.0,371.0,6.0,135.0,17.0,2023-10-14,199.0,303.0,Medium,3948.0,SUPPLIER_83
M271,338.89,793.0,6.0,32.0,24.0,2023-09-25,51.0,291.0,High,8476.0,SUPPLIER_25
M290,275.31,610.0,11.0,131.0,12.0,2023-09-25,188.0,433.0,Medium,6571.0,SUPPLIER_9
M265,456.2,665.0,12.0,183.0,96.0,2023-09-13,115.0,114.0,Medium,1716.0,SUPPLIER_17
M151,286.68,26.0,14.0,195.0,81.0,2023-09-17,103.0,335.0,High,8317.0,SUPPLIER_49
M248,115.0,233.0,10.0,145.0,64.0,2023-09-17,134.0,401.0,High,2472.0,SUPPLIER_15
M261,119.64,509.0,6.0,23.0,54.0,2023-09-17,54.0,234.0,Low,4157.0,SUPPLIER_30
M278,415.05,155.0,9.0,90.0,45.0,2023-09-30,45.0,303.0,Low,4728.0,SUPPLIER_25
M358,457.14,477.0,5.0,48.0,19.0,2023-09-28,167.0,475.0,Medium,4000.0,SUPPLIER_66
M734,275.31,539.0,9.0,65.0,24.0,2023-09-28,143.0,58.0,Low,9078.0,SUPPLIER_12
M224,79.72,147.0,4.0,146.0,99.0,2023-09-23,167.0,247.0,Low,6551.0,SUPPLIER_54
M249,193.89,783.0,11.0,56.0,38.0,2023-10-15,171.0,461.0,Medium,1744.0,SUPPLIER_69
M249,364.64,864.0,12.0,184.0,25.0,2023-09-19,36.0,362.0,High,8810.0,SUPPLIER_43
M120,201.09,954.0,3.0,116.0,81.0,2023-10-10,160.0,320.0,Medium,9387.0,SUPPLIER_45
M949,408.82,467.0,4.0,154.0,30.0,2023-10-10,56.0,142.0,Medium,4948.0,SUPPLIER_15
M373,90.43,568.0,12.0,187.0,46.0,2023-09-06,125.0,305.0,High,1162.0,SUPPLIER_46
M973,240.55,332.0,11.0,11.0,8.0,2023-09-06,112.0,116.0,Low,2000.0,SUPPLIER_82
M050,322.91,860.0,10.0,100.0,24.0,2023-09-10,111.0,488.0,Medium,2800.0,SUPPLIER_77
M043,389.68,565.0,10.0,120.0,73.0,2023-09-30,164.0,57.0,Medium,4791.0,SUPPLIER_77
M259,237.2,963.0,12.0,108.0,50.0,2023-09-30,183.0,456.0,High,9958.0,SUPPLIER_2
M375,120.62,26.0,6.0,40.0,63.0,2023-09-14,83.0,448.0,Low,4906.0,SUPPLIER_21
M304,275.31,630.0,6.0,114.0,25.0,2023-09-14,149.0,323.0,Medium,4660.0,SUPPLIER_8
M401,57.16,336.0,3.0,148.0,26.0,2023-09-30,124.0,440.0,Medium,5579.0,SUPPLIER_70
M236,342.01,487.0,11.0,148.0,49.0,2023-09-20,148.0,219.0,Medium,6224.0,SUPPLIER_80
M263,368.19,416.0,4.0,74.0,63.0,2023-09-30,34.0,309.0,Medium,2524.0,SUPPLIER_79
M275,275.31,509.0,10.0,163.0,71.0,2023-09-09,95.0,471.0,Low,6039.0,SUPPLIER_20
M799,232.08,501.0,6.0,10.0,17.0,2023-09-05,77.0,165.0,Low,3057.0,SUPPLIER_80
M495,146.44,56.0,3.0,30.0,57.0,2023-10-23,90.0,315.0,Low,3410.0,SUPPLIER_30
M365,95.49,278.0,3.0,40.0,76.0,2023-10-01,165.0,206.0,Medium,5643.0,SUPPLIER_25
M360,395.44,244.0,5.0,122.0,52.0,2023-10-27,32.0,416.0,Medium,3105.0,SUPPLIER_34
M385,366.0,479.0,4.0,163.0,14.0,2023-10-27,87.0,353.0,High,9704.0,SUPPLIER_33
M028,432.15,442.0,11.0,120.0,70.0,2023-09-17,27.0,75.0,Medium,8820.0,SUPPLIER_67
M158,246.15,558.0,4.0,34.0,76.0,2023-10-15,154.0,279.0,Medium,5067.0,SUPPLIER_7
M185,126.04,926.0,12.0,56.0,89.0,2023-10-13,120.0,235.0,Low,8056.0,SUPPLIER_71
M275,275.31,608.0,6.0,116.0,54.0,2023-09-05,148.0,355.0,Medium,4244.0,SUPPLIER_19
M140,133.49,428.0,9.0,91.0,80.0,2023-10-06,195.0,247.0,Medium,3971.0,SUPPLIER_26
M459,361.6,757.0,5.0,15.0,68.0,2023-10-16,199.0,472.0,Medium,8084.0,SUPPLIER_72
M068,196.45,54.0,14.0,126.0,21.0,2023-09-09,123.0,390.0,Low,9065.0,SUPPLIER_73
M565,275.31,784.0,11.0,109.0,72.0,2023-09-09,114.0,361.0,Medium,1844.0,SUPPLIER_75
M453,424.0,331.0,10.0,197.0,47.0,2023-09-06,161.0,165.0,Low,2066.0,SUPPLIER_43
M297,63.14,620.0,13.0,54.0,84.0,2023-10-06,100.0,68.0,Low,8613.0,SUPPLIER_14
M655,275.31,28.0,5.0,116.0,87.0,2023-09-19,80.0,422.0,Low,6005.0,SUPPLIER_48
M269,366.39,513.0,13.0,173.0,30.0,2023-10-31,181.0,115.0,High,6497.0,SUPPLIER_26
M267,250.32,632.0,9.0,128.0,42.0,2023-10-07,188.0,362.0,Medium,7622.0,SUPPLIER_6
M487,377.63,385.0,11.0,22.0,26.0,2023-10-27,165.0,404.0,High,5886.0,SUPPLIER_12
M964,461.0,133.0,12.0,156.0,63.0,2023-10-27,136.0,88.0,Medium,7028.0,SUPPLIER_75
M192,308.06,678.0,10.0,162.0,96.0,2023-09-07,118.0,477.0,Low,3782.0,SUPPLIER_76
M073,282.12,906.0,6.0,105.0,26.0,2023-10-25,100.0,209.0,Low,2884.0,SUPPLIER_78
M309,275.31,788.0,8.0,139.0,76.0,2023-10-25,74.0,481.0,High,8698.0,SUPPLIER_65
M140,163.69,349.0,5.0,56.0,22.0,2023-10-20,122.0,245.0,High,3459.0,SUPPLIER_26
M167,52.91,606.0,10.0,68.0,89.0,2023-09-17,110.0,453.0,Low,6534.0,SUPPLIER_45
M317,437.89,519.0,13.0,193.0,34.0,2023-10-31,154.0,244.0,Low,6465.0,SUPPLIER_35
M473,85.92,486.0,11.0,180.0,74.0,2023-09-17,20.0,331.0,Medium,8336.0,SUPPLIER_63
M094,270.33,619.0,7.0,180.0,46.0,2023-10-15,196.0,88.0,High,2220.0,SUPPLIER_8
M377,270.31,457.0,7.0,96.0,12.0,2023-09-19,36.0,248.0,Low,4067.0,SUPPLIER_29
M132,53.76,603.0,7.0,181.0,33.0,2023-09-05,69.0,322.0,Low,5488.0,SUPPLIER_14
M287,355.07,447.0,6.0,179.0,31.0,2023-09-16,167.0,218.0,Medium,7254.0,SUPPLIER_66
M780,431.0,904.0,5.0,177.0,13.0,2023-09-20,69.0,113.0,Low,7671.0,SUPPLIER_43
M503,378.0,942.0,14.0,56.0,27.0,2023-09-20,195.0,335.0,Low,2563.0,SUPPLIER_14
M134,311.64,864.0,12.0,64.0,29.0,2023-10-30,130.0,156.0,Low,6401.0,SUPPLIER_20
M150,407.21,253.0,11.0,172.0,6.0,2023-10-02,176.0,417.0,High,9512.0,SUPPLIER_52
M444,481.0,276.0,15.0,112.0,55.0,2023-10-02,149.0,357.0,High,2804.0,SUPPLIER_8
M411,495.39,973.0,8.0,100.0,65.0,2023-09-27,22.0,482.0,Low,8891.0,SUPPLIER_76
M208,323.83,949.0,12.0,54.0,13.0,2023-09-22,48.0,423.0,Medium,9041.0,SUPPLIER_53
M882,160.37,744.0,14.0,126.0,24.0,2023-09-27,183.0,140.0,Medium,3610.0,SUPPLIER_44
M062,463.81,155.0,5.0,150.0,79.0,2023-10-21,111.0,323.0,Low,7231.0,SUPPLIER_64
M043,416.96,582.0,3.0,176.0,24.0,2023-10-02,87.0,397.0,Medium,9954.0,SUPPLIER_73
M476,422.06,679.0,14.0,99.0,39.0,2023-09-24,172.0,309.0,Medium,1290.0,SUPPLIER_79
M335,138.41,58.0,11.0,16.0,98.0,2023-10-25,98.0,204.0,High,7628.0,SUPPLIER_83
M611,326.0,254.0,5.0,14.0,34.0,2023-10-25,161.0,235.0,Medium,7987.0,SUPPLIER_7
M725,359.0,799.0,7.0,182.0,54.0,2023-10-25,184.0,432.0,Medium,6230.0,SUPPLIER_20
M017,76.42,352.0,10.0,150.0,23.0,2023-10-08,98.0,296.0,High,8374.0,SUPPLIER_12
M097,496.75,312.0,12.0,78.0,84.0,2023-09-16,97.0,94.0,Medium,3522.0,SUPPLIER_71
M476,170.32,76.0,9.0,198.0,57.0,2023-10-07,98.0,90.0,Low,9018.0,SUPPLIER_73
M458,379.13,409.0,15.0,94.0,14.0,2023-10-03,72.0,321.0,Medium,5284.0,SUPPLIER_27
M390,303.67,878.0,13.0,147.0,13.0,2023-10-25,171.0,230.0,High,4997.0,SUPPLIER_26
M070,236.22,728.0,5.0,23.0,66.0,2023-09-18,56.0,52.0,High,7016.0,SUPPLIER_62
M304,307.9,300.0,4.0,96.0,47.0,2023-09-18,136.0,227.0,Low,6600.0,SUPPLIER_70
M157,384.93,899.0,9.0,143.0,68.0,2023-09-16,59.0,330.0,Low,3633.0,SUPPLIER_20
M213,497.74,333.0,14.0,60.0,68.0,2023-10-13,24.0,283.0,Low,2356.0,SUPPLIER_40
M611,101.23,350.0,12.0,44.0,13.0,2023-10-13,192.0,497.0,Medium,2877.0,SUPPLIER_64
M196,352.41,784.0,8.0,182.0,15.0,2023-10-06,141.0,63.0,Medium,2931.0,SUPPLIER_53
M219,498.96,573.0,4.0,119.0,43.0,2023-09-18,84.0,442.0,Medium,8150.0,SUPPLIER_6
M114,311.0,954.0,3.0,51.0,96.0,2023-09-18,166.0,328.0,Medium,6153.0,SUPPLIER_58
M103,251.46,507.0,13.0,22.0,65.0,2023-10-02,145.0,264.0,Low,1430.0,SUPPLIER_53
M553,346.0,250.0,6.0,175.0,32.0,2023-10-02,150.0,210.0,Medium,1590.0,SUPPLIER_69
M396,183.53,798.0,12.0,128.0,46.0,2023-10-30,127.0,415.0,High,7347.0,SUPPLIER_73
M173,176.73,297.0,10.0,54.0,11.0,2023-10-22,129.0,443.0,High,9379.0,SUPPLIER_57
M056,385.9,887.0,9.0,34.0,48.0,2023-10-26,42.0,377.0,Medium,4409.0,SUPPLIER_52
M903,275.31,303.0,15.0,105.0,46.0,2023-10-26,35.0,394.0,Low,7687.0,SUPPLIER_62
M013,417.14,688.0,15.0,48.0,10.0,2023-09-02,115.0,257.0,Low,3763.0,SUPPLIER_12
M343,275.31,208.0,5.0,117.0,66.0,2023-09-02,133.0,441.0,Low,4574.0,SUPPLIER_63
M167,201.0,29.0,11.0,82.0,85.0,2023-10-13,97.0,350.0,Medium,7069.0,SUPPLIER_29
M058,275.31,588.0,3.0,148.0,22.0,2023-10-30,75.0,253.0,Low,6721.0,SUPPLIER_67
M863,278.0,299.0,9.0,185.0,65.0,2023-10-17,84.0,135.0,High,1845.0,SUPPLIER_83
M226,181.57,773.0,6.0,45.0,26.0,2023-09-25,155.0,404.0,Medium,8427.0,SUPPLIER_37
M047,138.25,572.0,15.0,33.0,6.0,2023-09-09,127.0,80.0,Low,7046.0,SUPPLIER_3
M261,360.52,44.0,6.0,148.0,76.0,2023-10-10,80.0,392.0,Medium,7459.0,SUPPLIER_38
M159,275.31,110.0,3.0,118.0,37.0,2023-10-10,82.0,207.0,Medium,6373.0,SUPPLIER_18
M027,193.84,977.0,3.0,168.0,10.0,2023-09-03,184.0,226.0,High,6426.0,SUPPLIER_19
M375,446.09,545.0,8.0,172.0,65.0,2023-09-03,169.0,329.0,Medium,6434.0,SUPPLIER_48
M244,487.78,187.0,5.0,188.0,66.0,2023-10-16,56.0,143.0,High,2611.0,SUPPLIER_20
M152,114.04,589.0,13.0,186.0,29.0,2023-10-21,115.0,195.0,Low,2054.0,SUPPLIER_62
M002,126.96,103.0,5.0,172.0,84.0,2023-09-11,64.0,449.0,Medium,8493.0,SUPPLIER_83
M468,318.9,552.0,5.0,159.0,76.0,2023-10-27,60.0,396.0,Low,7790.0,SUPPLIER_8
M054,297.23,271.0,11.0,105.0,30.0,2023-09-08,64.0,372.0,High,1018.0,SUPPLIER_38
M006,296.67,508.0,12.0,44.0,30.0,2023-10-02,160.0,50.0,Low,3843.0,SUPPLIER_53
M227,478.23,684.0,5.0,129.0,19.0,2023-09-28,135.0,228.0,Medium,9457.0,SUPPLIER_78
M449,223.1,86.0,14.0,109.0,97.0,2023-09-17,86.0,103.0,High,9493.0,SUPPLIER_28
M164,386.25,672.0,5.0,78.0,8.0,2023-10-09,187.0,286.0,High,2856.0,SUPPLIER_20
M593,275.31,832.0,8.0,41.0,67.0,2023-10-09,193.0,243.0,Medium,2716.0,SUPPLIER_16
M252,496.79,201.0,10.0,40.0,78.0,2023-09-15,36.0,453.0,High,8372.0,SUPPLIER_55
M295,363.74,246.0,3.0,187.0,5.0,2023-10-10,82.0,144.0,High,4031.0,SUPPLIER_27
M745,288.11,216.0,15.0,84.0,27.0,2023-10-01,110.0,486.0,Medium,6434.0,SUPPLIER_47
M303,237.23,750.0,12.0,147.0,38.0,2023-10-29,62.0,443.0,Low,2803.0,SUPPLIER_50
M137,325.05,443.0,7.0,178.0,69.0,2023-09-13,60.0,426.0,Low,4541.0,SUPPLIER_41
M285,360.87,349.0,15.0,85.0,13.0,2023-09-06,77.0,436.0,Low,9676.0,SUPPLIER_83
M421,16.0,537.0,4.0,149.0,95.0,2023-09-06,151.0,479.0,High,3701.0,SUPPLIER_49
M295,415.79,973.0,10.0,159.0,31.0,2023-09-14,140.0,426.0,Low,2537.0,SUPPLIER_45
M239,66.2,484.0,14.0,140.0,16.0,2023-10-29,114.0,96.0,Medium,2641.0,SUPPLIER_37
M025,308.19,67.0,9.0,10.0,5.0,2023-09-06,168.0,288.0,High,8225.0,SUPPLIER_57
M615,275.31,115.0,15.0,197.0,72.0,2023-09-06,101.0,481.0,Low,5690.0,SUPPLIER_61
M269,450.14,501.0,3.0,12.0,32.0,2023-09-28,28.0,185.0,High,1997.0,SUPPLIER_77
M231,411.67,224.0,4.0,111.0,17.0,2023-10-15,190.0,134.0,High,9555.0,SUPPLIER_16
M347,156.9,98.0,9.0,138.0,37.0,2023-10-16,49.0,238.0,Low,3210.0,SUPPLIER_80
M210,289.92,221.0,14.0,49.0,73.0,2023-09-07,57.0,274.0,High,5716.0,SUPPLIER_76
M206,295.55,500.0,13.0,157.0,99.0,2023-10-05,186.0,388.0,High,7770.0,SUPPLIER_69
M051,57.1,815.0,13.0,171.0,56.0,2023-09-03,107.0,427.0,Low,4263.0,SUPPLIER_12
